-- phpMyAdmin SQL Dump
-- version 4.0.10.7
-- http://www.phpmyadmin.net
--
-- Servidor: localhost
-- Tiempo de generación: 30-06-2015 a las 10:38:54
-- Versión del servidor: 5.6.23
-- Versión de PHP: 5.4.23

SET SQL_MODE = "NO_AUTO_VALUE_ON_ZERO";
SET time_zone = "+00:00";


/*!40101 SET @OLD_CHARACTER_SET_CLIENT=@@CHARACTER_SET_CLIENT */;
/*!40101 SET @OLD_CHARACTER_SET_RESULTS=@@CHARACTER_SET_RESULTS */;
/*!40101 SET @OLD_COLLATION_CONNECTION=@@COLLATION_CONNECTION */;
/*!40101 SET NAMES utf8 */;

--
-- Base de datos: `bvtyslko_colegio`
--

-- --------------------------------------------------------

--
-- Estructura de tabla para la tabla `au_administrador`
--

CREATE TABLE IF NOT EXISTS `au_administrador` (
  `ADM_Codigo` int(11) NOT NULL AUTO_INCREMENT,
  `PER_Codigo` int(11) NOT NULL,
  `ADM_FechaReg` timestamp NOT NULL DEFAULT CURRENT_TIMESTAMP,
  `ADM_FechaMod` datetime DEFAULT NULL,
  `ADM_FlagEstado` enum('0','1') NOT NULL DEFAULT '1',
  PRIMARY KEY (`ADM_Codigo`),
  KEY `fk_au_administrador_au_persona1_idx` (`PER_Codigo`)
) ENGINE=InnoDB  DEFAULT CHARSET=utf8 AUTO_INCREMENT=2 ;

--
-- Volcado de datos para la tabla `au_administrador`
--

INSERT INTO `au_administrador` (`ADM_Codigo`, `PER_Codigo`, `ADM_FechaReg`, `ADM_FechaMod`, `ADM_FlagEstado`) VALUES
(1, 1, '2014-04-22 06:31:12', NULL, '1');

-- --------------------------------------------------------

--
-- Estructura de tabla para la tabla `au_alumno`
--

CREATE TABLE IF NOT EXISTS `au_alumno` (
  `ALU_Codigo` int(11) NOT NULL AUTO_INCREMENT,
  `PER_Codigo` int(11) NOT NULL,
  `ALU_Flag` char(1) NOT NULL DEFAULT '1',
  PRIMARY KEY (`ALU_Codigo`),
  KEY `persona` (`PER_Codigo`)
) ENGINE=InnoDB  DEFAULT CHARSET=utf8 AUTO_INCREMENT=9 ;

--
-- Volcado de datos para la tabla `au_alumno`
--

INSERT INTO `au_alumno` (`ALU_Codigo`, `PER_Codigo`, `ALU_Flag`) VALUES
(1, 5, '1'),
(2, 7, '1'),
(3, 9, '1'),
(4, 11, '1'),
(5, 13, '1'),
(6, 15, '1'),
(7, 17, '1'),
(8, 19, '1');

-- --------------------------------------------------------

--
-- Estructura de tabla para la tabla `au_anio`
--

CREATE TABLE IF NOT EXISTS `au_anio` (
  `AN_Codigo` int(11) NOT NULL AUTO_INCREMENT,
  `AN_AnioText` varchar(10) NOT NULL,
  `AN_AnioNum` int(11) NOT NULL,
  PRIMARY KEY (`AN_Codigo`)
) ENGINE=InnoDB  DEFAULT CHARSET=utf8 AUTO_INCREMENT=7 ;

--
-- Volcado de datos para la tabla `au_anio`
--

INSERT INTO `au_anio` (`AN_Codigo`, `AN_AnioText`, `AN_AnioNum`) VALUES
(1, 'PRIMERO', 1),
(2, 'SEGUNDO', 2),
(3, 'TERCERO', 3),
(4, 'CUARTO', 4),
(5, 'QUINTO', 5),
(6, 'SEXTO', 6);

-- --------------------------------------------------------

--
-- Estructura de tabla para la tabla `au_anio_escolar`
--

CREATE TABLE IF NOT EXISTS `au_anio_escolar` (
  `AE_Codigo` int(11) NOT NULL AUTO_INCREMENT,
  `NIV_Codigo` int(11) NOT NULL,
  `AN_Codigo` int(11) NOT NULL,
  `SEC_Codigo` int(11) NOT NULL,
  `TUR_Codigo` int(11) NOT NULL,
  `AE_Capacidad` int(11) NOT NULL DEFAULT '10',
  `AE_FlagEstado` enum('0','1') NOT NULL DEFAULT '1',
  PRIMARY KEY (`AE_Codigo`),
  KEY `fk_au_anio_escolar_au_nivel1_idx` (`NIV_Codigo`),
  KEY `fk_au_anio_escolar_au_anio1_idx` (`AN_Codigo`),
  KEY `fk_au_anio_escolar_au_seccion1_idx` (`SEC_Codigo`),
  KEY `fk_au_anio_escolar_au_turno1_idx` (`TUR_Codigo`)
) ENGINE=InnoDB  DEFAULT CHARSET=utf8 AUTO_INCREMENT=33 ;

--
-- Volcado de datos para la tabla `au_anio_escolar`
--

INSERT INTO `au_anio_escolar` (`AE_Codigo`, `NIV_Codigo`, `AN_Codigo`, `SEC_Codigo`, `TUR_Codigo`, `AE_Capacidad`, `AE_FlagEstado`) VALUES
(1, 1, 1, 1, 1, 10, '1'),
(2, 1, 1, 2, 1, 10, '1'),
(3, 1, 1, 3, 1, 10, '1'),
(4, 1, 2, 1, 1, 10, '1'),
(5, 1, 2, 2, 1, 10, '1'),
(6, 1, 2, 3, 1, 10, '1'),
(7, 1, 3, 1, 1, 10, '1'),
(8, 1, 3, 2, 1, 10, '1'),
(9, 1, 3, 3, 1, 10, '1'),
(10, 1, 4, 1, 1, 10, '1'),
(11, 1, 4, 2, 1, 10, '1'),
(12, 1, 4, 3, 1, 10, '1'),
(13, 1, 5, 1, 1, 10, '1'),
(14, 1, 5, 2, 1, 10, '1'),
(15, 1, 5, 3, 1, 10, '1'),
(16, 1, 6, 1, 1, 10, '1'),
(17, 1, 6, 2, 1, 10, '1'),
(18, 1, 6, 3, 1, 10, '1'),
(19, 2, 1, 1, 2, 10, '1'),
(20, 2, 1, 2, 2, 10, '1'),
(21, 2, 1, 3, 2, 10, '1'),
(22, 2, 2, 1, 2, 10, '1'),
(23, 2, 2, 2, 2, 10, '1'),
(24, 2, 2, 3, 2, 10, '1'),
(25, 2, 3, 1, 2, 10, '1'),
(26, 2, 3, 2, 2, 10, '1'),
(27, 2, 3, 3, 2, 10, '1'),
(28, 2, 4, 1, 2, 10, '1'),
(29, 2, 4, 2, 2, 10, '1'),
(30, 2, 4, 3, 2, 10, '1'),
(31, 2, 5, 1, 2, 10, '1'),
(32, 2, 5, 2, 2, 10, '1');

-- --------------------------------------------------------

--
-- Estructura de tabla para la tabla `au_archivos`
--

CREATE TABLE IF NOT EXISTS `au_archivos` (
  `ARC_Codigo` int(11) NOT NULL AUTO_INCREMENT,
  `MM_Codigo` int(11) NOT NULL,
  `TA_Codigo` int(11) NOT NULL,
  `ARC_Nombre` varchar(45) NOT NULL,
  `ARC_Fecha` datetime NOT NULL,
  `ARC_FlagEstado` enum('0','1') NOT NULL DEFAULT '1',
  PRIMARY KEY (`ARC_Codigo`),
  KEY `fk_au_archivos_au_maestro_matricula1_idx` (`MM_Codigo`),
  KEY `fk_au_archivos_au_tipo_archivo1_idx` (`TA_Codigo`)
) ENGINE=InnoDB  DEFAULT CHARSET=utf8 AUTO_INCREMENT=5 ;

--
-- Volcado de datos para la tabla `au_archivos`
--

INSERT INTO `au_archivos` (`ARC_Codigo`, `MM_Codigo`, `TA_Codigo`, `ARC_Nombre`, `ARC_Fecha`, `ARC_FlagEstado`) VALUES
(1, 1, 1, '1476721_645958375456030_900443227_n.jpg', '0000-00-00 00:00:00', '1'),
(2, 3, 1, '1621831_10151994154361356_5757095386837688841', '0000-00-00 00:00:00', '1'),
(3, 4, 1, 'tmp_IMG_20140701_195813-1726524626.jpg', '2021-02-18 00:00:00', '1'),
(4, 5, 1, 'donde_esta_el_chiste.jpg', '0000-00-00 00:00:00', '1');

-- --------------------------------------------------------

--
-- Estructura de tabla para la tabla `au_asistencia`
--

CREATE TABLE IF NOT EXISTS `au_asistencia` (
  `ASIS_Codigo` int(11) NOT NULL AUTO_INCREMENT,
  `MATD_Codigo` int(11) NOT NULL,
  `ASIS_FechaIngreso` datetime DEFAULT NULL,
  `ASIS_Estado` varchar(45) NOT NULL,
  `au_asistenciacol` enum('0','1','2','3') NOT NULL,
  PRIMARY KEY (`ASIS_Codigo`),
  KEY `fk_au_asistencia_au_matricula_detalle1_idx` (`MATD_Codigo`)
) ENGINE=InnoDB DEFAULT CHARSET=latin1 AUTO_INCREMENT=1 ;

-- --------------------------------------------------------

--
-- Estructura de tabla para la tabla `au_configuracion`
--

CREATE TABLE IF NOT EXISTS `au_configuracion` (
  `CONF_Codigo` int(11) NOT NULL AUTO_INCREMENT,
  `CONF_Anio` varchar(10) NOT NULL,
  `CONF_Correlativo` int(11) NOT NULL,
  `CONF_CorrelativoPadre` int(11) NOT NULL,
  `CONF_PRHoraInicio` varchar(10) NOT NULL,
  `CONF_PRHoraFin` varchar(10) NOT NULL,
  `CONF_PRReseso` varchar(10) NOT NULL,
  `CONF_PRCanthours` int(11) NOT NULL,
  `CONF_SEHoraInicio` varchar(10) NOT NULL,
  `CONF_SEHoraFin` varchar(10) NOT NULL,
  `CONF_SEReseso` varchar(10) NOT NULL,
  `CONF_SECantHours` int(11) NOT NULL,
  PRIMARY KEY (`CONF_Codigo`)
) ENGINE=InnoDB  DEFAULT CHARSET=utf8 AUTO_INCREMENT=2 ;

--
-- Volcado de datos para la tabla `au_configuracion`
--

INSERT INTO `au_configuracion` (`CONF_Codigo`, `CONF_Anio`, `CONF_Correlativo`, `CONF_CorrelativoPadre`, `CONF_PRHoraInicio`, `CONF_PRHoraFin`, `CONF_PRReseso`, `CONF_PRCanthours`, `CONF_SEHoraInicio`, `CONF_SEHoraFin`, `CONF_SEReseso`, `CONF_SECantHours`) VALUES
(1, '2014', 16, 1, '8:00', '12:15', '19', 6, '13:00', '18:30', '15', 7);

-- --------------------------------------------------------

--
-- Estructura de tabla para la tabla `au_curso`
--

CREATE TABLE IF NOT EXISTS `au_curso` (
  `CUR_Codigo` int(11) NOT NULL AUTO_INCREMENT,
  `NIV_Codigo` int(11) NOT NULL,
  `CUR_NomCorto` varchar(6) DEFAULT NULL,
  `CUR_CodigoInterno` varchar(8) NOT NULL,
  `CUR_Descripcion` varchar(50) NOT NULL,
  `CUR_FlagEstado` char(1) NOT NULL DEFAULT '1',
  `CUR_Flag` char(1) NOT NULL DEFAULT '1',
  PRIMARY KEY (`CUR_Codigo`),
  KEY `fk_au_curso_au_nivel1_idx` (`NIV_Codigo`)
) ENGINE=InnoDB  DEFAULT CHARSET=utf8 AUTO_INCREMENT=12 ;

--
-- Volcado de datos para la tabla `au_curso`
--

INSERT INTO `au_curso` (`CUR_Codigo`, `NIV_Codigo`, `CUR_NomCorto`, `CUR_CodigoInterno`, `CUR_Descripcion`, `CUR_FlagEstado`, `CUR_Flag`) VALUES
(3, 2, 'COM', 'SEC001', 'comunicacion intengral', '1', '1'),
(4, 2, 'MAT', 'SEC002', 'matematica', '1', '1'),
(5, 2, 'EA', 'SEC003', 'Educacion por el arte', '1', '1'),
(6, 2, 'Ing', 'SEC004', 'Ingles', '1', '1'),
(7, 2, 'PFRH', 'SEC005', 'Persona familia y relaciones Humanas', '1', '1'),
(8, 2, 'CTA', 'SEC006', 'Ciencia Tecnologia y Ambiente', '1', '1'),
(9, 2, 'FCC', 'SEC007', 'Formacion Ciudadana y Civica', '1', '1'),
(10, 2, 'ER', 'SEC008', 'Educacion Religiosa', '1', '1'),
(11, 2, 'GTH', 'SEC009', 'Gestion de Talento Humano', '1', '1');

-- --------------------------------------------------------

--
-- Estructura de tabla para la tabla `au_curso_profesor`
--

CREATE TABLE IF NOT EXISTS `au_curso_profesor` (
  `CP_Codigo` int(11) NOT NULL AUTO_INCREMENT,
  `CUR_Codigo` int(11) NOT NULL,
  `PERS_Codigo` int(11) NOT NULL,
  `CP_FechaReg` timestamp NOT NULL DEFAULT CURRENT_TIMESTAMP,
  `CP_FechaMod` datetime DEFAULT NULL,
  `CP_FlagEstado` enum('0','1') NOT NULL DEFAULT '1',
  PRIMARY KEY (`CP_Codigo`),
  KEY `CUR_Codigo` (`CUR_Codigo`),
  KEY `PERS_Codigo` (`PERS_Codigo`)
) ENGINE=InnoDB  DEFAULT CHARSET=utf8 AUTO_INCREMENT=7 ;

--
-- Volcado de datos para la tabla `au_curso_profesor`
--

INSERT INTO `au_curso_profesor` (`CP_Codigo`, `CUR_Codigo`, `PERS_Codigo`, `CP_FechaReg`, `CP_FechaMod`, `CP_FlagEstado`) VALUES
(1, 9, 1, '2014-06-08 22:48:25', NULL, '1'),
(2, 9, 2, '2014-06-08 22:48:36', NULL, '1'),
(3, 9, 3, '2014-06-08 22:49:47', NULL, '1'),
(4, 4, 3, '2014-06-08 22:51:55', NULL, '1'),
(5, 3, 3, '2014-06-19 05:12:38', NULL, '1'),
(6, 3, 1, '2014-06-19 05:12:43', NULL, '1');

-- --------------------------------------------------------

--
-- Estructura de tabla para la tabla `au_horario`
--

CREATE TABLE IF NOT EXISTS `au_horario` (
  `HOR_Codigo` int(11) NOT NULL AUTO_INCREMENT,
  `AE_Codigo` int(11) NOT NULL,
  `HOR_HoraIni` varchar(45) NOT NULL,
  `HOR_HoraFin` varchar(45) NOT NULL,
  `HOR_Lunes` int(11) NOT NULL DEFAULT '0',
  `HOR_Martes` int(11) NOT NULL DEFAULT '0',
  `HOR_Miercoles` int(11) NOT NULL DEFAULT '0',
  `HOR_Jueves` int(11) NOT NULL DEFAULT '0',
  `HOR_Viernes` int(11) NOT NULL DEFAULT '0',
  `HOR_Anio` varchar(4) NOT NULL,
  `HOR_FlagEstado` enum('0','1') NOT NULL DEFAULT '1',
  PRIMARY KEY (`HOR_Codigo`),
  KEY `fk_au_horario_au_anio_escolar1_idx` (`AE_Codigo`)
) ENGINE=InnoDB  DEFAULT CHARSET=utf8 AUTO_INCREMENT=477 ;

--
-- Volcado de datos para la tabla `au_horario`
--

INSERT INTO `au_horario` (`HOR_Codigo`, `AE_Codigo`, `HOR_HoraIni`, `HOR_HoraFin`, `HOR_Lunes`, `HOR_Martes`, `HOR_Miercoles`, `HOR_Jueves`, `HOR_Viernes`, `HOR_Anio`, `HOR_FlagEstado`) VALUES
(1, 1, '08:00 AM', '08:45 AM', 0, 0, 0, 0, 0, '2014', '1'),
(2, 1, '08:45 AM', '09:30 AM', 0, 0, 0, 0, 0, '2014', '1'),
(3, 1, '09:30 AM', '10:15 AM', 0, 0, 0, 0, 0, '2014', '1'),
(4, 1, '10:15 AM', '10:30 AM', 0, 0, 0, 0, 0, '2014', '1'),
(5, 1, '10:30 AM', '11:15 AM', 0, 0, 0, 0, 0, '2014', '1'),
(6, 1, '11:15 AM', '12:00 PM', 0, 0, 0, 0, 0, '2014', '1'),
(7, 1, '12:00 PM', '12:45 PM', 0, 0, 0, 0, 0, '2014', '1'),
(8, 2, '08:00 AM', '08:45 AM', 0, 0, 0, 0, 0, '2014', '1'),
(9, 2, '08:45 AM', '09:30 AM', 0, 0, 0, 0, 0, '2014', '1'),
(10, 2, '09:30 AM', '10:15 AM', 0, 0, 0, 0, 0, '2014', '1'),
(11, 2, '10:15 AM', '10:30 AM', 0, 0, 0, 0, 0, '2014', '1'),
(12, 2, '10:30 AM', '11:15 AM', 0, 0, 0, 0, 0, '2014', '1'),
(13, 2, '11:15 AM', '12:00 PM', 0, 0, 0, 0, 0, '2014', '1'),
(14, 2, '12:00 PM', '12:45 PM', 0, 0, 0, 0, 0, '2014', '1'),
(15, 3, '08:00 AM', '08:45 AM', 0, 0, 0, 0, 0, '2014', '1'),
(16, 3, '08:45 AM', '09:30 AM', 0, 0, 0, 0, 0, '2014', '1'),
(17, 3, '09:30 AM', '10:15 AM', 0, 0, 0, 0, 0, '2014', '1'),
(18, 3, '10:15 AM', '10:30 AM', 0, 0, 0, 0, 0, '2014', '1'),
(19, 3, '10:30 AM', '11:15 AM', 0, 0, 0, 0, 0, '2014', '1'),
(20, 3, '11:15 AM', '12:00 PM', 0, 0, 0, 0, 0, '2014', '1'),
(21, 3, '12:00 PM', '12:45 PM', 0, 0, 0, 0, 0, '2014', '1'),
(22, 4, '08:00 AM', '08:45 AM', 0, 0, 0, 0, 0, '2014', '1'),
(23, 4, '08:45 AM', '09:30 AM', 0, 0, 0, 0, 0, '2014', '1'),
(24, 4, '09:30 AM', '10:15 AM', 0, 0, 0, 0, 0, '2014', '1'),
(25, 4, '10:15 AM', '10:30 AM', 0, 0, 0, 0, 0, '2014', '1'),
(26, 4, '10:30 AM', '11:15 AM', 0, 0, 0, 0, 0, '2014', '1'),
(27, 4, '11:15 AM', '12:00 PM', 0, 0, 0, 0, 0, '2014', '1'),
(28, 4, '12:00 PM', '12:45 PM', 0, 0, 0, 0, 0, '2014', '1'),
(29, 5, '08:00 AM', '08:45 AM', 0, 0, 0, 0, 0, '2014', '1'),
(30, 5, '08:45 AM', '09:30 AM', 0, 0, 0, 0, 0, '2014', '1'),
(31, 5, '09:30 AM', '10:15 AM', 0, 0, 0, 0, 0, '2014', '1'),
(32, 5, '10:15 AM', '10:30 AM', 0, 0, 0, 0, 0, '2014', '1'),
(33, 5, '10:30 AM', '11:15 AM', 0, 0, 0, 0, 0, '2014', '1'),
(34, 5, '11:15 AM', '12:00 PM', 0, 0, 0, 0, 0, '2014', '1'),
(35, 5, '12:00 PM', '12:45 PM', 0, 0, 0, 0, 0, '2014', '1'),
(36, 6, '08:00 AM', '08:45 AM', 0, 0, 0, 0, 0, '2014', '1'),
(37, 6, '08:45 AM', '09:30 AM', 0, 0, 0, 0, 0, '2014', '1'),
(38, 6, '09:30 AM', '10:15 AM', 0, 0, 0, 0, 0, '2014', '1'),
(39, 6, '10:15 AM', '10:30 AM', 0, 0, 0, 0, 0, '2014', '1'),
(40, 6, '10:30 AM', '11:15 AM', 0, 0, 0, 0, 0, '2014', '1'),
(41, 6, '11:15 AM', '12:00 PM', 0, 0, 0, 0, 0, '2014', '1'),
(42, 6, '12:00 PM', '12:45 PM', 0, 0, 0, 0, 0, '2014', '1'),
(43, 7, '08:00 AM', '08:45 AM', 0, 0, 0, 0, 0, '2014', '1'),
(44, 7, '08:45 AM', '09:30 AM', 0, 0, 0, 0, 0, '2014', '1'),
(45, 7, '09:30 AM', '10:15 AM', 0, 0, 0, 0, 0, '2014', '1'),
(46, 7, '10:15 AM', '10:30 AM', 0, 0, 0, 0, 0, '2014', '1'),
(47, 7, '10:30 AM', '11:15 AM', 0, 0, 0, 0, 0, '2014', '1'),
(48, 7, '11:15 AM', '12:00 PM', 0, 0, 0, 0, 0, '2014', '1'),
(49, 7, '12:00 PM', '12:45 PM', 0, 0, 0, 0, 0, '2014', '1'),
(50, 8, '08:00 AM', '08:45 AM', 0, 0, 0, 0, 0, '2014', '1'),
(51, 8, '08:45 AM', '09:30 AM', 0, 0, 0, 0, 0, '2014', '1'),
(52, 8, '09:30 AM', '10:15 AM', 0, 0, 0, 0, 0, '2014', '1'),
(53, 8, '10:15 AM', '10:30 AM', 0, 0, 0, 0, 0, '2014', '1'),
(54, 8, '10:30 AM', '11:15 AM', 0, 0, 0, 0, 0, '2014', '1'),
(55, 8, '11:15 AM', '12:00 PM', 0, 0, 0, 0, 0, '2014', '1'),
(56, 8, '12:00 PM', '12:45 PM', 0, 0, 0, 0, 0, '2014', '1'),
(57, 9, '08:00 AM', '08:45 AM', 0, 0, 0, 0, 0, '2014', '1'),
(58, 9, '08:45 AM', '09:30 AM', 0, 0, 0, 0, 0, '2014', '1'),
(59, 9, '09:30 AM', '10:15 AM', 0, 0, 0, 0, 0, '2014', '1'),
(60, 9, '10:15 AM', '10:30 AM', 0, 0, 0, 0, 0, '2014', '1'),
(61, 9, '10:30 AM', '11:15 AM', 0, 0, 0, 0, 0, '2014', '1'),
(62, 9, '11:15 AM', '12:00 PM', 0, 0, 0, 0, 0, '2014', '1'),
(63, 9, '12:00 PM', '12:45 PM', 0, 0, 0, 0, 0, '2014', '1'),
(64, 10, '08:00 AM', '08:45 AM', 0, 0, 0, 0, 0, '2014', '1'),
(65, 10, '08:45 AM', '09:30 AM', 0, 0, 0, 0, 0, '2014', '1'),
(66, 10, '09:30 AM', '10:15 AM', 0, 0, 0, 0, 0, '2014', '1'),
(67, 10, '10:15 AM', '10:30 AM', 0, 0, 0, 0, 0, '2014', '1'),
(68, 10, '10:30 AM', '11:15 AM', 0, 0, 0, 0, 0, '2014', '1'),
(69, 10, '11:15 AM', '12:00 PM', 0, 0, 0, 0, 0, '2014', '1'),
(70, 10, '12:00 PM', '12:45 PM', 0, 0, 0, 0, 0, '2014', '1'),
(71, 11, '08:00 AM', '08:45 AM', 0, 0, 0, 0, 0, '2014', '1'),
(72, 11, '08:45 AM', '09:30 AM', 0, 0, 0, 0, 0, '2014', '1'),
(73, 11, '09:30 AM', '10:15 AM', 0, 0, 0, 0, 0, '2014', '1'),
(74, 11, '10:15 AM', '10:30 AM', 0, 0, 0, 0, 0, '2014', '1'),
(75, 11, '10:30 AM', '11:15 AM', 0, 0, 0, 0, 0, '2014', '1'),
(76, 11, '11:15 AM', '12:00 PM', 0, 0, 0, 0, 0, '2014', '1'),
(77, 11, '12:00 PM', '12:45 PM', 0, 0, 0, 0, 0, '2014', '1'),
(78, 12, '08:00 AM', '08:45 AM', 0, 0, 0, 0, 0, '2014', '1'),
(79, 12, '08:45 AM', '09:30 AM', 0, 0, 0, 0, 0, '2014', '1'),
(80, 12, '09:30 AM', '10:15 AM', 0, 0, 0, 0, 0, '2014', '1'),
(81, 12, '10:15 AM', '10:30 AM', 0, 0, 0, 0, 0, '2014', '1'),
(82, 12, '10:30 AM', '11:15 AM', 0, 0, 0, 0, 0, '2014', '1'),
(83, 12, '11:15 AM', '12:00 PM', 0, 0, 0, 0, 0, '2014', '1'),
(84, 12, '12:00 PM', '12:45 PM', 0, 0, 0, 0, 0, '2014', '1'),
(85, 13, '08:00 AM', '08:45 AM', 0, 0, 0, 0, 0, '2014', '1'),
(86, 13, '08:45 AM', '09:30 AM', 0, 0, 0, 0, 0, '2014', '1'),
(87, 13, '09:30 AM', '10:15 AM', 0, 0, 0, 0, 0, '2014', '1'),
(88, 13, '10:15 AM', '10:30 AM', 0, 0, 0, 0, 0, '2014', '1'),
(89, 13, '10:30 AM', '11:15 AM', 0, 0, 0, 0, 0, '2014', '1'),
(90, 13, '11:15 AM', '12:00 PM', 0, 0, 0, 0, 0, '2014', '1'),
(91, 13, '12:00 PM', '12:45 PM', 0, 0, 0, 0, 0, '2014', '1'),
(92, 14, '08:00 AM', '08:45 AM', 0, 0, 0, 0, 0, '2014', '1'),
(93, 14, '08:45 AM', '09:30 AM', 0, 0, 0, 0, 0, '2014', '1'),
(94, 14, '09:30 AM', '10:15 AM', 0, 0, 0, 0, 0, '2014', '1'),
(95, 14, '10:15 AM', '10:30 AM', 0, 0, 0, 0, 0, '2014', '1'),
(96, 14, '10:30 AM', '11:15 AM', 0, 0, 0, 0, 0, '2014', '1'),
(97, 14, '11:15 AM', '12:00 PM', 0, 0, 0, 0, 0, '2014', '1'),
(98, 14, '12:00 PM', '12:45 PM', 0, 0, 0, 0, 0, '2014', '1'),
(99, 15, '08:00 AM', '08:45 AM', 0, 0, 0, 0, 0, '2014', '1'),
(100, 15, '08:45 AM', '09:30 AM', 0, 0, 0, 0, 0, '2014', '1'),
(101, 15, '09:30 AM', '10:15 AM', 0, 0, 0, 0, 0, '2014', '1'),
(102, 15, '10:15 AM', '10:30 AM', 0, 0, 0, 0, 0, '2014', '1'),
(103, 15, '10:30 AM', '11:15 AM', 0, 0, 0, 0, 0, '2014', '1'),
(104, 15, '11:15 AM', '12:00 PM', 0, 0, 0, 0, 0, '2014', '1'),
(105, 15, '12:00 PM', '12:45 PM', 0, 0, 0, 0, 0, '2014', '1'),
(106, 16, '08:00 AM', '08:45 AM', 0, 0, 0, 0, 0, '2014', '1'),
(107, 16, '08:45 AM', '09:30 AM', 0, 0, 0, 0, 0, '2014', '1'),
(108, 16, '09:30 AM', '10:15 AM', 0, 0, 0, 0, 0, '2014', '1'),
(109, 16, '10:15 AM', '10:30 AM', 0, 0, 0, 0, 0, '2014', '1'),
(110, 16, '10:30 AM', '11:15 AM', 0, 0, 0, 0, 0, '2014', '1'),
(111, 16, '11:15 AM', '12:00 PM', 0, 0, 0, 0, 0, '2014', '1'),
(112, 16, '12:00 PM', '12:45 PM', 0, 0, 0, 0, 0, '2014', '1'),
(113, 17, '08:00 AM', '08:45 AM', 0, 0, 0, 0, 0, '2014', '1'),
(114, 17, '08:45 AM', '09:30 AM', 0, 0, 0, 0, 0, '2014', '1'),
(115, 17, '09:30 AM', '10:15 AM', 0, 0, 0, 0, 0, '2014', '1'),
(116, 17, '10:15 AM', '10:30 AM', 0, 0, 0, 0, 0, '2014', '1'),
(117, 17, '10:30 AM', '11:15 AM', 0, 0, 0, 0, 0, '2014', '1'),
(118, 17, '11:15 AM', '12:00 PM', 0, 0, 0, 0, 0, '2014', '1'),
(119, 17, '12:00 PM', '12:45 PM', 0, 0, 0, 0, 0, '2014', '1'),
(120, 18, '08:00 AM', '08:45 AM', 0, 0, 0, 0, 0, '2014', '1'),
(121, 18, '08:45 AM', '09:30 AM', 0, 0, 0, 0, 0, '2014', '1'),
(122, 18, '09:30 AM', '10:15 AM', 0, 0, 0, 0, 0, '2014', '1'),
(123, 18, '10:15 AM', '10:30 AM', 0, 0, 0, 0, 0, '2014', '1'),
(124, 18, '10:30 AM', '11:15 AM', 0, 0, 0, 0, 0, '2014', '1'),
(125, 18, '11:15 AM', '12:00 PM', 0, 0, 0, 0, 0, '2014', '1'),
(126, 18, '12:00 PM', '12:45 PM', 0, 0, 0, 0, 0, '2014', '1'),
(127, 19, '01:00 PM', '01:45 PM', 0, 0, 0, 0, 0, '2014', '1'),
(128, 19, '01:45 PM', '02:30 PM', 0, 0, 0, 0, 0, '2014', '1'),
(129, 19, '02:30 PM', '03:15 PM', 0, 0, 0, 0, 0, '2014', '1'),
(130, 19, '03:15 PM', '03:30 PM', 0, 0, 0, 0, 0, '2014', '1'),
(131, 19, '03:30 PM', '04:15 PM', 0, 0, 0, 0, 0, '2014', '1'),
(132, 19, '04:15 PM', '05:00 PM', 0, 0, 0, 0, 0, '2014', '1'),
(133, 19, '05:00 PM', '05:45 PM', 0, 0, 0, 0, 0, '2014', '1'),
(134, 19, '05:45 PM', '06:30 PM', 0, 0, 0, 0, 0, '2014', '1'),
(135, 20, '01:00 PM', '01:45 PM', 0, 0, 0, 0, 0, '2014', '1'),
(136, 20, '01:45 PM', '02:30 PM', 0, 0, 0, 0, 0, '2014', '1'),
(137, 20, '02:30 PM', '03:15 PM', 0, 0, 0, 0, 0, '2014', '1'),
(138, 20, '03:15 PM', '03:30 PM', 0, 0, 0, 0, 0, '2014', '1'),
(139, 20, '03:30 PM', '04:15 PM', 0, 0, 0, 0, 0, '2014', '1'),
(140, 20, '04:15 PM', '05:00 PM', 0, 0, 0, 0, 0, '2014', '1'),
(141, 20, '05:00 PM', '05:45 PM', 0, 0, 0, 0, 0, '2014', '1'),
(142, 20, '05:45 PM', '06:30 PM', 0, 0, 0, 0, 0, '2014', '1'),
(143, 21, '01:00 PM', '01:45 PM', 0, 0, 0, 0, 0, '2014', '1'),
(144, 21, '01:45 PM', '02:30 PM', 0, 0, 0, 0, 0, '2014', '1'),
(145, 21, '02:30 PM', '03:15 PM', 0, 0, 0, 0, 0, '2014', '1'),
(146, 21, '03:15 PM', '03:30 PM', 0, 0, 0, 0, 0, '2014', '1'),
(147, 21, '03:30 PM', '04:15 PM', 0, 0, 0, 0, 0, '2014', '1'),
(148, 21, '04:15 PM', '05:00 PM', 0, 0, 0, 0, 0, '2014', '1'),
(149, 21, '05:00 PM', '05:45 PM', 0, 0, 0, 0, 0, '2014', '1'),
(150, 21, '05:45 PM', '06:30 PM', 0, 0, 0, 0, 0, '2014', '1'),
(151, 22, '01:00 PM', '01:45 PM', 0, 0, 0, 0, 0, '2014', '1'),
(152, 22, '01:45 PM', '02:30 PM', 0, 0, 0, 0, 0, '2014', '1'),
(153, 22, '02:30 PM', '03:15 PM', 0, 0, 0, 0, 0, '2014', '1'),
(154, 22, '03:15 PM', '03:30 PM', 0, 0, 0, 0, 0, '2014', '1'),
(155, 22, '03:30 PM', '04:15 PM', 0, 0, 0, 0, 0, '2014', '1'),
(156, 22, '04:15 PM', '05:00 PM', 0, 0, 0, 0, 0, '2014', '1'),
(157, 22, '05:00 PM', '05:45 PM', 0, 0, 0, 0, 0, '2014', '1'),
(158, 22, '05:45 PM', '06:30 PM', 0, 0, 0, 0, 0, '2014', '1'),
(159, 23, '01:00 PM', '01:45 PM', 0, 0, 0, 0, 0, '2014', '1'),
(160, 23, '01:45 PM', '02:30 PM', 0, 0, 0, 0, 0, '2014', '1'),
(161, 23, '02:30 PM', '03:15 PM', 0, 0, 0, 0, 0, '2014', '1'),
(162, 23, '03:15 PM', '03:30 PM', 0, 0, 0, 0, 0, '2014', '1'),
(163, 23, '03:30 PM', '04:15 PM', 0, 0, 0, 0, 0, '2014', '1'),
(164, 23, '04:15 PM', '05:00 PM', 0, 0, 0, 0, 0, '2014', '1'),
(165, 23, '05:00 PM', '05:45 PM', 0, 0, 0, 0, 0, '2014', '1'),
(166, 23, '05:45 PM', '06:30 PM', 0, 0, 0, 0, 0, '2014', '1'),
(167, 24, '01:00 PM', '01:45 PM', 0, 0, 0, 0, 0, '2014', '1'),
(168, 24, '01:45 PM', '02:30 PM', 0, 0, 0, 0, 0, '2014', '1'),
(169, 24, '02:30 PM', '03:15 PM', 0, 0, 0, 0, 0, '2014', '1'),
(170, 24, '03:15 PM', '03:30 PM', 0, 0, 0, 0, 0, '2014', '1'),
(171, 24, '03:30 PM', '04:15 PM', 0, 0, 0, 0, 0, '2014', '1'),
(172, 24, '04:15 PM', '05:00 PM', 0, 0, 0, 0, 0, '2014', '1'),
(173, 24, '05:00 PM', '05:45 PM', 0, 0, 0, 0, 0, '2014', '1'),
(174, 24, '05:45 PM', '06:30 PM', 0, 0, 0, 0, 0, '2014', '1'),
(175, 25, '01:00 PM', '01:45 PM', 0, 0, 0, 0, 0, '2014', '1'),
(176, 25, '01:45 PM', '02:30 PM', 0, 0, 0, 0, 0, '2014', '1'),
(177, 25, '02:30 PM', '03:15 PM', 0, 0, 0, 0, 0, '2014', '1'),
(178, 25, '03:15 PM', '03:30 PM', 0, 0, 0, 0, 0, '2014', '1'),
(179, 25, '03:30 PM', '04:15 PM', 0, 0, 0, 0, 0, '2014', '1'),
(180, 25, '04:15 PM', '05:00 PM', 0, 0, 0, 0, 0, '2014', '1'),
(181, 25, '05:00 PM', '05:45 PM', 0, 0, 0, 0, 0, '2014', '1'),
(182, 25, '05:45 PM', '06:30 PM', 0, 0, 0, 0, 0, '2014', '1'),
(183, 26, '01:00 PM', '01:45 PM', 0, 0, 0, 0, 0, '2014', '1'),
(184, 26, '01:45 PM', '02:30 PM', 0, 0, 0, 0, 0, '2014', '1'),
(185, 26, '02:30 PM', '03:15 PM', 0, 0, 0, 0, 0, '2014', '1'),
(186, 26, '03:15 PM', '03:30 PM', 0, 0, 0, 0, 0, '2014', '1'),
(187, 26, '03:30 PM', '04:15 PM', 0, 0, 0, 0, 0, '2014', '1'),
(188, 26, '04:15 PM', '05:00 PM', 0, 0, 0, 0, 0, '2014', '1'),
(189, 26, '05:00 PM', '05:45 PM', 0, 0, 0, 0, 0, '2014', '1'),
(190, 26, '05:45 PM', '06:30 PM', 0, 0, 0, 0, 0, '2014', '1'),
(191, 27, '01:00 PM', '01:45 PM', 0, 0, 0, 0, 0, '2014', '1'),
(192, 27, '01:45 PM', '02:30 PM', 0, 0, 0, 0, 0, '2014', '1'),
(193, 27, '02:30 PM', '03:15 PM', 0, 0, 0, 0, 0, '2014', '1'),
(194, 27, '03:15 PM', '03:30 PM', 0, 0, 0, 0, 0, '2014', '1'),
(195, 27, '03:30 PM', '04:15 PM', 0, 0, 0, 0, 0, '2014', '1'),
(196, 27, '04:15 PM', '05:00 PM', 0, 0, 0, 0, 0, '2014', '1'),
(197, 27, '05:00 PM', '05:45 PM', 0, 0, 0, 0, 0, '2014', '1'),
(198, 27, '05:45 PM', '06:30 PM', 0, 0, 0, 0, 0, '2014', '1'),
(199, 28, '01:00 PM', '01:45 PM', 0, 0, 0, 0, 0, '2014', '1'),
(200, 28, '01:45 PM', '02:30 PM', 0, 0, 0, 0, 0, '2014', '1'),
(201, 28, '02:30 PM', '03:15 PM', 0, 0, 0, 0, 0, '2014', '1'),
(202, 28, '03:15 PM', '03:30 PM', 0, 0, 0, 0, 0, '2014', '1'),
(203, 28, '03:30 PM', '04:15 PM', 0, 0, 0, 0, 0, '2014', '1'),
(204, 28, '04:15 PM', '05:00 PM', 0, 0, 0, 0, 0, '2014', '1'),
(205, 28, '05:00 PM', '05:45 PM', 0, 0, 0, 0, 0, '2014', '1'),
(206, 28, '05:45 PM', '06:30 PM', 0, 0, 0, 0, 0, '2014', '1'),
(207, 29, '01:00 PM', '01:45 PM', 0, 0, 0, 0, 0, '2014', '1'),
(208, 29, '01:45 PM', '02:30 PM', 0, 0, 0, 0, 0, '2014', '1'),
(209, 29, '02:30 PM', '03:15 PM', 0, 0, 0, 0, 0, '2014', '1'),
(210, 29, '03:15 PM', '03:30 PM', 0, 0, 0, 0, 0, '2014', '1'),
(211, 29, '03:30 PM', '04:15 PM', 0, 0, 0, 0, 0, '2014', '1'),
(212, 29, '04:15 PM', '05:00 PM', 0, 0, 0, 0, 0, '2014', '1'),
(213, 29, '05:00 PM', '05:45 PM', 0, 0, 0, 0, 0, '2014', '1'),
(214, 29, '05:45 PM', '06:30 PM', 0, 0, 0, 0, 0, '2014', '1'),
(215, 30, '01:00 PM', '01:45 PM', 0, 0, 0, 0, 0, '2014', '1'),
(216, 30, '01:45 PM', '02:30 PM', 0, 0, 0, 0, 0, '2014', '1'),
(217, 30, '02:30 PM', '03:15 PM', 0, 0, 0, 0, 0, '2014', '1'),
(218, 30, '03:15 PM', '03:30 PM', 0, 0, 0, 0, 0, '2014', '1'),
(219, 30, '03:30 PM', '04:15 PM', 0, 0, 0, 0, 0, '2014', '1'),
(220, 30, '04:15 PM', '05:00 PM', 0, 0, 0, 0, 0, '2014', '1'),
(221, 30, '05:00 PM', '05:45 PM', 0, 0, 0, 0, 0, '2014', '1'),
(222, 30, '05:45 PM', '06:30 PM', 0, 0, 0, 0, 0, '2014', '1'),
(223, 31, '01:00 PM', '01:45 PM', 0, 0, 0, 0, 0, '2014', '1'),
(224, 31, '01:45 PM', '02:30 PM', 0, 0, 0, 0, 0, '2014', '1'),
(225, 31, '02:30 PM', '03:15 PM', 0, 0, 0, 0, 0, '2014', '1'),
(226, 31, '03:15 PM', '03:30 PM', 0, 0, 0, 0, 0, '2014', '1'),
(227, 31, '03:30 PM', '04:15 PM', 0, 0, 0, 0, 0, '2014', '1'),
(228, 31, '04:15 PM', '05:00 PM', 0, 0, 0, 0, 0, '2014', '1'),
(229, 31, '05:00 PM', '05:45 PM', 0, 0, 0, 0, 0, '2014', '1'),
(230, 31, '05:45 PM', '06:30 PM', 0, 0, 0, 0, 0, '2014', '1'),
(231, 32, '01:00 PM', '01:45 PM', 0, 0, 0, 0, 0, '2014', '1'),
(232, 32, '01:45 PM', '02:30 PM', 0, 0, 0, 0, 0, '2014', '1'),
(233, 32, '02:30 PM', '03:15 PM', 0, 0, 0, 0, 0, '2014', '1'),
(234, 32, '03:15 PM', '03:30 PM', 0, 0, 0, 0, 0, '2014', '1'),
(235, 32, '03:30 PM', '04:15 PM', 0, 0, 0, 0, 0, '2014', '1'),
(236, 32, '04:15 PM', '05:00 PM', 0, 0, 0, 0, 0, '2014', '1'),
(237, 32, '05:00 PM', '05:45 PM', 0, 0, 0, 0, 0, '2014', '1'),
(238, 32, '05:45 PM', '06:30 PM', 0, 0, 0, 0, 0, '2014', '1'),
(239, 1, '08:00 AM', '08:45 AM', 0, 0, 0, 0, 0, '2015', '1'),
(240, 1, '08:45 AM', '09:30 AM', 0, 0, 0, 0, 0, '2015', '1'),
(241, 1, '09:30 AM', '10:15 AM', 0, 0, 0, 0, 0, '2015', '1'),
(242, 1, '10:15 AM', '10:30 AM', 0, 0, 0, 0, 0, '2015', '1'),
(243, 1, '10:30 AM', '11:15 AM', 0, 0, 0, 0, 0, '2015', '1'),
(244, 1, '11:15 AM', '12:00 PM', 0, 0, 0, 0, 0, '2015', '1'),
(245, 1, '12:00 PM', '12:45 PM', 0, 0, 0, 0, 0, '2015', '1'),
(246, 2, '08:00 AM', '08:45 AM', 0, 0, 0, 0, 0, '2015', '1'),
(247, 2, '08:45 AM', '09:30 AM', 0, 0, 0, 0, 0, '2015', '1'),
(248, 2, '09:30 AM', '10:15 AM', 0, 0, 0, 0, 0, '2015', '1'),
(249, 2, '10:15 AM', '10:30 AM', 0, 0, 0, 0, 0, '2015', '1'),
(250, 2, '10:30 AM', '11:15 AM', 0, 0, 0, 0, 0, '2015', '1'),
(251, 2, '11:15 AM', '12:00 PM', 0, 0, 0, 0, 0, '2015', '1'),
(252, 2, '12:00 PM', '12:45 PM', 0, 0, 0, 0, 0, '2015', '1'),
(253, 3, '08:00 AM', '08:45 AM', 0, 0, 0, 0, 0, '2015', '1'),
(254, 3, '08:45 AM', '09:30 AM', 0, 0, 0, 0, 0, '2015', '1'),
(255, 3, '09:30 AM', '10:15 AM', 0, 0, 0, 0, 0, '2015', '1'),
(256, 3, '10:15 AM', '10:30 AM', 0, 0, 0, 0, 0, '2015', '1'),
(257, 3, '10:30 AM', '11:15 AM', 0, 0, 0, 0, 0, '2015', '1'),
(258, 3, '11:15 AM', '12:00 PM', 0, 0, 0, 0, 0, '2015', '1'),
(259, 3, '12:00 PM', '12:45 PM', 0, 0, 0, 0, 0, '2015', '1'),
(260, 4, '08:00 AM', '08:45 AM', 0, 0, 0, 0, 0, '2015', '1'),
(261, 4, '08:45 AM', '09:30 AM', 0, 0, 0, 0, 0, '2015', '1'),
(262, 4, '09:30 AM', '10:15 AM', 0, 0, 0, 0, 0, '2015', '1'),
(263, 4, '10:15 AM', '10:30 AM', 0, 0, 0, 0, 0, '2015', '1'),
(264, 4, '10:30 AM', '11:15 AM', 0, 0, 0, 0, 0, '2015', '1'),
(265, 4, '11:15 AM', '12:00 PM', 0, 0, 0, 0, 0, '2015', '1'),
(266, 4, '12:00 PM', '12:45 PM', 0, 0, 0, 0, 0, '2015', '1'),
(267, 5, '08:00 AM', '08:45 AM', 0, 0, 0, 0, 0, '2015', '1'),
(268, 5, '08:45 AM', '09:30 AM', 0, 0, 0, 0, 0, '2015', '1'),
(269, 5, '09:30 AM', '10:15 AM', 0, 0, 0, 0, 0, '2015', '1'),
(270, 5, '10:15 AM', '10:30 AM', 0, 0, 0, 0, 0, '2015', '1'),
(271, 5, '10:30 AM', '11:15 AM', 0, 0, 0, 0, 0, '2015', '1'),
(272, 5, '11:15 AM', '12:00 PM', 0, 0, 0, 0, 0, '2015', '1'),
(273, 5, '12:00 PM', '12:45 PM', 0, 0, 0, 0, 0, '2015', '1'),
(274, 6, '08:00 AM', '08:45 AM', 0, 0, 0, 0, 0, '2015', '1'),
(275, 6, '08:45 AM', '09:30 AM', 0, 0, 0, 0, 0, '2015', '1'),
(276, 6, '09:30 AM', '10:15 AM', 0, 0, 0, 0, 0, '2015', '1'),
(277, 6, '10:15 AM', '10:30 AM', 0, 0, 0, 0, 0, '2015', '1'),
(278, 6, '10:30 AM', '11:15 AM', 0, 0, 0, 0, 0, '2015', '1'),
(279, 6, '11:15 AM', '12:00 PM', 0, 0, 0, 0, 0, '2015', '1'),
(280, 6, '12:00 PM', '12:45 PM', 0, 0, 0, 0, 0, '2015', '1'),
(281, 7, '08:00 AM', '08:45 AM', 0, 0, 0, 0, 0, '2015', '1'),
(282, 7, '08:45 AM', '09:30 AM', 0, 0, 0, 0, 0, '2015', '1'),
(283, 7, '09:30 AM', '10:15 AM', 0, 0, 0, 0, 0, '2015', '1'),
(284, 7, '10:15 AM', '10:30 AM', 0, 0, 0, 0, 0, '2015', '1'),
(285, 7, '10:30 AM', '11:15 AM', 0, 0, 0, 0, 0, '2015', '1'),
(286, 7, '11:15 AM', '12:00 PM', 0, 0, 0, 0, 0, '2015', '1'),
(287, 7, '12:00 PM', '12:45 PM', 0, 0, 0, 0, 0, '2015', '1'),
(288, 8, '08:00 AM', '08:45 AM', 0, 0, 0, 0, 0, '2015', '1'),
(289, 8, '08:45 AM', '09:30 AM', 0, 0, 0, 0, 0, '2015', '1'),
(290, 8, '09:30 AM', '10:15 AM', 0, 0, 0, 0, 0, '2015', '1'),
(291, 8, '10:15 AM', '10:30 AM', 0, 0, 0, 0, 0, '2015', '1'),
(292, 8, '10:30 AM', '11:15 AM', 0, 0, 0, 0, 0, '2015', '1'),
(293, 8, '11:15 AM', '12:00 PM', 0, 0, 0, 0, 0, '2015', '1'),
(294, 8, '12:00 PM', '12:45 PM', 0, 0, 0, 0, 0, '2015', '1'),
(295, 9, '08:00 AM', '08:45 AM', 0, 0, 0, 0, 0, '2015', '1'),
(296, 9, '08:45 AM', '09:30 AM', 0, 0, 0, 0, 0, '2015', '1'),
(297, 9, '09:30 AM', '10:15 AM', 0, 0, 0, 0, 0, '2015', '1'),
(298, 9, '10:15 AM', '10:30 AM', 0, 0, 0, 0, 0, '2015', '1'),
(299, 9, '10:30 AM', '11:15 AM', 0, 0, 0, 0, 0, '2015', '1'),
(300, 9, '11:15 AM', '12:00 PM', 0, 0, 0, 0, 0, '2015', '1'),
(301, 9, '12:00 PM', '12:45 PM', 0, 0, 0, 0, 0, '2015', '1'),
(302, 10, '08:00 AM', '08:45 AM', 0, 0, 0, 0, 0, '2015', '1'),
(303, 10, '08:45 AM', '09:30 AM', 0, 0, 0, 0, 0, '2015', '1'),
(304, 10, '09:30 AM', '10:15 AM', 0, 0, 0, 0, 0, '2015', '1'),
(305, 10, '10:15 AM', '10:30 AM', 0, 0, 0, 0, 0, '2015', '1'),
(306, 10, '10:30 AM', '11:15 AM', 0, 0, 0, 0, 0, '2015', '1'),
(307, 10, '11:15 AM', '12:00 PM', 0, 0, 0, 0, 0, '2015', '1'),
(308, 10, '12:00 PM', '12:45 PM', 0, 0, 0, 0, 0, '2015', '1'),
(309, 11, '08:00 AM', '08:45 AM', 0, 0, 0, 0, 0, '2015', '1'),
(310, 11, '08:45 AM', '09:30 AM', 0, 0, 0, 0, 0, '2015', '1'),
(311, 11, '09:30 AM', '10:15 AM', 0, 0, 0, 0, 0, '2015', '1'),
(312, 11, '10:15 AM', '10:30 AM', 0, 0, 0, 0, 0, '2015', '1'),
(313, 11, '10:30 AM', '11:15 AM', 0, 0, 0, 0, 0, '2015', '1'),
(314, 11, '11:15 AM', '12:00 PM', 0, 0, 0, 0, 0, '2015', '1'),
(315, 11, '12:00 PM', '12:45 PM', 0, 0, 0, 0, 0, '2015', '1'),
(316, 12, '08:00 AM', '08:45 AM', 0, 0, 0, 0, 0, '2015', '1'),
(317, 12, '08:45 AM', '09:30 AM', 0, 0, 0, 0, 0, '2015', '1'),
(318, 12, '09:30 AM', '10:15 AM', 0, 0, 0, 0, 0, '2015', '1'),
(319, 12, '10:15 AM', '10:30 AM', 0, 0, 0, 0, 0, '2015', '1'),
(320, 12, '10:30 AM', '11:15 AM', 0, 0, 0, 0, 0, '2015', '1'),
(321, 12, '11:15 AM', '12:00 PM', 0, 0, 0, 0, 0, '2015', '1'),
(322, 12, '12:00 PM', '12:45 PM', 0, 0, 0, 0, 0, '2015', '1'),
(323, 13, '08:00 AM', '08:45 AM', 0, 0, 0, 0, 0, '2015', '1'),
(324, 13, '08:45 AM', '09:30 AM', 0, 0, 0, 0, 0, '2015', '1'),
(325, 13, '09:30 AM', '10:15 AM', 0, 0, 0, 0, 0, '2015', '1'),
(326, 13, '10:15 AM', '10:30 AM', 0, 0, 0, 0, 0, '2015', '1'),
(327, 13, '10:30 AM', '11:15 AM', 0, 0, 0, 0, 0, '2015', '1'),
(328, 13, '11:15 AM', '12:00 PM', 0, 0, 0, 0, 0, '2015', '1'),
(329, 13, '12:00 PM', '12:45 PM', 0, 0, 0, 0, 0, '2015', '1'),
(330, 14, '08:00 AM', '08:45 AM', 0, 0, 0, 0, 0, '2015', '1'),
(331, 14, '08:45 AM', '09:30 AM', 0, 0, 0, 0, 0, '2015', '1'),
(332, 14, '09:30 AM', '10:15 AM', 0, 0, 0, 0, 0, '2015', '1'),
(333, 14, '10:15 AM', '10:30 AM', 0, 0, 0, 0, 0, '2015', '1'),
(334, 14, '10:30 AM', '11:15 AM', 0, 0, 0, 0, 0, '2015', '1'),
(335, 14, '11:15 AM', '12:00 PM', 0, 0, 0, 0, 0, '2015', '1'),
(336, 14, '12:00 PM', '12:45 PM', 0, 0, 0, 0, 0, '2015', '1'),
(337, 15, '08:00 AM', '08:45 AM', 0, 0, 0, 0, 0, '2015', '1'),
(338, 15, '08:45 AM', '09:30 AM', 0, 0, 0, 0, 0, '2015', '1'),
(339, 15, '09:30 AM', '10:15 AM', 0, 0, 0, 0, 0, '2015', '1'),
(340, 15, '10:15 AM', '10:30 AM', 0, 0, 0, 0, 0, '2015', '1'),
(341, 15, '10:30 AM', '11:15 AM', 0, 0, 0, 0, 0, '2015', '1'),
(342, 15, '11:15 AM', '12:00 PM', 0, 0, 0, 0, 0, '2015', '1'),
(343, 15, '12:00 PM', '12:45 PM', 0, 0, 0, 0, 0, '2015', '1'),
(344, 16, '08:00 AM', '08:45 AM', 0, 0, 0, 0, 0, '2015', '1'),
(345, 16, '08:45 AM', '09:30 AM', 0, 0, 0, 0, 0, '2015', '1'),
(346, 16, '09:30 AM', '10:15 AM', 0, 0, 0, 0, 0, '2015', '1'),
(347, 16, '10:15 AM', '10:30 AM', 0, 0, 0, 0, 0, '2015', '1'),
(348, 16, '10:30 AM', '11:15 AM', 0, 0, 0, 0, 0, '2015', '1'),
(349, 16, '11:15 AM', '12:00 PM', 0, 0, 0, 0, 0, '2015', '1'),
(350, 16, '12:00 PM', '12:45 PM', 0, 0, 0, 0, 0, '2015', '1'),
(351, 17, '08:00 AM', '08:45 AM', 0, 0, 0, 0, 0, '2015', '1'),
(352, 17, '08:45 AM', '09:30 AM', 0, 0, 0, 0, 0, '2015', '1'),
(353, 17, '09:30 AM', '10:15 AM', 0, 0, 0, 0, 0, '2015', '1'),
(354, 17, '10:15 AM', '10:30 AM', 0, 0, 0, 0, 0, '2015', '1'),
(355, 17, '10:30 AM', '11:15 AM', 0, 0, 0, 0, 0, '2015', '1'),
(356, 17, '11:15 AM', '12:00 PM', 0, 0, 0, 0, 0, '2015', '1'),
(357, 17, '12:00 PM', '12:45 PM', 0, 0, 0, 0, 0, '2015', '1'),
(358, 18, '08:00 AM', '08:45 AM', 0, 0, 0, 0, 0, '2015', '1'),
(359, 18, '08:45 AM', '09:30 AM', 0, 0, 0, 0, 0, '2015', '1'),
(360, 18, '09:30 AM', '10:15 AM', 0, 0, 0, 0, 0, '2015', '1'),
(361, 18, '10:15 AM', '10:30 AM', 0, 0, 0, 0, 0, '2015', '1'),
(362, 18, '10:30 AM', '11:15 AM', 0, 0, 0, 0, 0, '2015', '1'),
(363, 18, '11:15 AM', '12:00 PM', 0, 0, 0, 0, 0, '2015', '1'),
(364, 18, '12:00 PM', '12:45 PM', 0, 0, 0, 0, 0, '2015', '1'),
(365, 19, '01:00 PM', '01:45 PM', 0, 0, 0, 0, 0, '2015', '1'),
(366, 19, '01:45 PM', '02:30 PM', 0, 0, 0, 0, 0, '2015', '1'),
(367, 19, '02:30 PM', '03:15 PM', 0, 0, 0, 0, 0, '2015', '1'),
(368, 19, '03:15 PM', '03:30 PM', 0, 0, 0, 0, 0, '2015', '1'),
(369, 19, '03:30 PM', '04:15 PM', 0, 0, 0, 0, 0, '2015', '1'),
(370, 19, '04:15 PM', '05:00 PM', 0, 0, 0, 0, 0, '2015', '1'),
(371, 19, '05:00 PM', '05:45 PM', 0, 0, 0, 0, 0, '2015', '1'),
(372, 19, '05:45 PM', '06:30 PM', 0, 0, 0, 0, 0, '2015', '1'),
(373, 20, '01:00 PM', '01:45 PM', 0, 0, 0, 0, 0, '2015', '1'),
(374, 20, '01:45 PM', '02:30 PM', 0, 0, 0, 0, 0, '2015', '1'),
(375, 20, '02:30 PM', '03:15 PM', 0, 0, 0, 0, 0, '2015', '1'),
(376, 20, '03:15 PM', '03:30 PM', 0, 0, 0, 0, 0, '2015', '1'),
(377, 20, '03:30 PM', '04:15 PM', 0, 0, 0, 0, 0, '2015', '1'),
(378, 20, '04:15 PM', '05:00 PM', 0, 0, 0, 0, 0, '2015', '1'),
(379, 20, '05:00 PM', '05:45 PM', 0, 0, 0, 0, 0, '2015', '1'),
(380, 20, '05:45 PM', '06:30 PM', 0, 0, 0, 0, 0, '2015', '1'),
(381, 21, '01:00 PM', '01:45 PM', 0, 0, 0, 0, 0, '2015', '1'),
(382, 21, '01:45 PM', '02:30 PM', 0, 0, 0, 0, 0, '2015', '1'),
(383, 21, '02:30 PM', '03:15 PM', 0, 0, 0, 0, 0, '2015', '1'),
(384, 21, '03:15 PM', '03:30 PM', 0, 0, 0, 0, 0, '2015', '1'),
(385, 21, '03:30 PM', '04:15 PM', 0, 0, 0, 0, 0, '2015', '1'),
(386, 21, '04:15 PM', '05:00 PM', 0, 0, 0, 0, 0, '2015', '1'),
(387, 21, '05:00 PM', '05:45 PM', 0, 0, 0, 0, 0, '2015', '1'),
(388, 21, '05:45 PM', '06:30 PM', 0, 0, 0, 0, 0, '2015', '1'),
(389, 22, '01:00 PM', '01:45 PM', 0, 0, 0, 0, 0, '2015', '1'),
(390, 22, '01:45 PM', '02:30 PM', 0, 0, 0, 0, 0, '2015', '1'),
(391, 22, '02:30 PM', '03:15 PM', 0, 0, 0, 0, 0, '2015', '1'),
(392, 22, '03:15 PM', '03:30 PM', 0, 0, 0, 0, 0, '2015', '1'),
(393, 22, '03:30 PM', '04:15 PM', 0, 0, 0, 0, 0, '2015', '1'),
(394, 22, '04:15 PM', '05:00 PM', 0, 0, 0, 0, 0, '2015', '1'),
(395, 22, '05:00 PM', '05:45 PM', 0, 0, 0, 0, 0, '2015', '1'),
(396, 22, '05:45 PM', '06:30 PM', 0, 0, 0, 0, 0, '2015', '1'),
(397, 23, '01:00 PM', '01:45 PM', 0, 0, 0, 0, 0, '2015', '1'),
(398, 23, '01:45 PM', '02:30 PM', 0, 0, 0, 0, 0, '2015', '1'),
(399, 23, '02:30 PM', '03:15 PM', 0, 0, 0, 0, 0, '2015', '1'),
(400, 23, '03:15 PM', '03:30 PM', 0, 0, 0, 0, 0, '2015', '1'),
(401, 23, '03:30 PM', '04:15 PM', 0, 0, 0, 0, 0, '2015', '1'),
(402, 23, '04:15 PM', '05:00 PM', 0, 0, 0, 0, 0, '2015', '1'),
(403, 23, '05:00 PM', '05:45 PM', 0, 0, 0, 0, 0, '2015', '1'),
(404, 23, '05:45 PM', '06:30 PM', 0, 0, 0, 0, 0, '2015', '1'),
(405, 24, '01:00 PM', '01:45 PM', 0, 0, 0, 0, 0, '2015', '1'),
(406, 24, '01:45 PM', '02:30 PM', 0, 0, 0, 0, 0, '2015', '1'),
(407, 24, '02:30 PM', '03:15 PM', 0, 0, 0, 0, 0, '2015', '1'),
(408, 24, '03:15 PM', '03:30 PM', 0, 0, 0, 0, 0, '2015', '1'),
(409, 24, '03:30 PM', '04:15 PM', 0, 0, 0, 0, 0, '2015', '1'),
(410, 24, '04:15 PM', '05:00 PM', 0, 0, 0, 0, 0, '2015', '1'),
(411, 24, '05:00 PM', '05:45 PM', 0, 0, 0, 0, 0, '2015', '1'),
(412, 24, '05:45 PM', '06:30 PM', 0, 0, 0, 0, 0, '2015', '1'),
(413, 25, '01:00 PM', '01:45 PM', 0, 0, 0, 0, 0, '2015', '1'),
(414, 25, '01:45 PM', '02:30 PM', 0, 0, 0, 0, 0, '2015', '1'),
(415, 25, '02:30 PM', '03:15 PM', 0, 0, 0, 0, 0, '2015', '1'),
(416, 25, '03:15 PM', '03:30 PM', 0, 0, 0, 0, 0, '2015', '1'),
(417, 25, '03:30 PM', '04:15 PM', 0, 0, 0, 0, 0, '2015', '1'),
(418, 25, '04:15 PM', '05:00 PM', 0, 0, 0, 0, 0, '2015', '1'),
(419, 25, '05:00 PM', '05:45 PM', 0, 0, 0, 0, 0, '2015', '1'),
(420, 25, '05:45 PM', '06:30 PM', 0, 0, 0, 0, 0, '2015', '1'),
(421, 26, '01:00 PM', '01:45 PM', 0, 0, 0, 0, 0, '2015', '1'),
(422, 26, '01:45 PM', '02:30 PM', 0, 0, 0, 0, 0, '2015', '1'),
(423, 26, '02:30 PM', '03:15 PM', 0, 0, 0, 0, 0, '2015', '1'),
(424, 26, '03:15 PM', '03:30 PM', 0, 0, 0, 0, 0, '2015', '1'),
(425, 26, '03:30 PM', '04:15 PM', 0, 0, 0, 0, 0, '2015', '1'),
(426, 26, '04:15 PM', '05:00 PM', 0, 0, 0, 0, 0, '2015', '1'),
(427, 26, '05:00 PM', '05:45 PM', 0, 0, 0, 0, 0, '2015', '1'),
(428, 26, '05:45 PM', '06:30 PM', 0, 0, 0, 0, 0, '2015', '1'),
(429, 27, '01:00 PM', '01:45 PM', 0, 0, 0, 0, 0, '2015', '1'),
(430, 27, '01:45 PM', '02:30 PM', 0, 0, 0, 0, 0, '2015', '1'),
(431, 27, '02:30 PM', '03:15 PM', 0, 0, 0, 0, 0, '2015', '1'),
(432, 27, '03:15 PM', '03:30 PM', 0, 0, 0, 0, 0, '2015', '1'),
(433, 27, '03:30 PM', '04:15 PM', 0, 0, 0, 0, 0, '2015', '1'),
(434, 27, '04:15 PM', '05:00 PM', 0, 0, 0, 0, 0, '2015', '1'),
(435, 27, '05:00 PM', '05:45 PM', 0, 0, 0, 0, 0, '2015', '1'),
(436, 27, '05:45 PM', '06:30 PM', 0, 0, 0, 0, 0, '2015', '1'),
(437, 28, '01:00 PM', '01:45 PM', 0, 0, 0, 0, 0, '2015', '1'),
(438, 28, '01:45 PM', '02:30 PM', 0, 0, 0, 0, 0, '2015', '1'),
(439, 28, '02:30 PM', '03:15 PM', 0, 0, 0, 0, 0, '2015', '1'),
(440, 28, '03:15 PM', '03:30 PM', 0, 0, 0, 0, 0, '2015', '1'),
(441, 28, '03:30 PM', '04:15 PM', 0, 0, 0, 0, 0, '2015', '1'),
(442, 28, '04:15 PM', '05:00 PM', 0, 0, 0, 0, 0, '2015', '1'),
(443, 28, '05:00 PM', '05:45 PM', 0, 0, 0, 0, 0, '2015', '1'),
(444, 28, '05:45 PM', '06:30 PM', 0, 0, 0, 0, 0, '2015', '1'),
(445, 29, '01:00 PM', '01:45 PM', 0, 0, 0, 0, 0, '2015', '1'),
(446, 29, '01:45 PM', '02:30 PM', 0, 0, 0, 0, 0, '2015', '1'),
(447, 29, '02:30 PM', '03:15 PM', 0, 0, 0, 0, 0, '2015', '1'),
(448, 29, '03:15 PM', '03:30 PM', 0, 0, 0, 0, 0, '2015', '1'),
(449, 29, '03:30 PM', '04:15 PM', 0, 0, 0, 0, 0, '2015', '1'),
(450, 29, '04:15 PM', '05:00 PM', 0, 0, 0, 0, 0, '2015', '1'),
(451, 29, '05:00 PM', '05:45 PM', 0, 0, 0, 0, 0, '2015', '1'),
(452, 29, '05:45 PM', '06:30 PM', 0, 0, 0, 0, 0, '2015', '1'),
(453, 30, '01:00 PM', '01:45 PM', 0, 0, 0, 0, 0, '2015', '1'),
(454, 30, '01:45 PM', '02:30 PM', 0, 0, 0, 0, 0, '2015', '1'),
(455, 30, '02:30 PM', '03:15 PM', 0, 0, 0, 0, 0, '2015', '1'),
(456, 30, '03:15 PM', '03:30 PM', 0, 0, 0, 0, 0, '2015', '1'),
(457, 30, '03:30 PM', '04:15 PM', 0, 0, 0, 0, 0, '2015', '1'),
(458, 30, '04:15 PM', '05:00 PM', 0, 0, 0, 0, 0, '2015', '1'),
(459, 30, '05:00 PM', '05:45 PM', 0, 0, 0, 0, 0, '2015', '1'),
(460, 30, '05:45 PM', '06:30 PM', 0, 0, 0, 0, 0, '2015', '1'),
(461, 31, '01:00 PM', '01:45 PM', 0, 0, 0, 0, 0, '2015', '1'),
(462, 31, '01:45 PM', '02:30 PM', 0, 0, 0, 0, 0, '2015', '1'),
(463, 31, '02:30 PM', '03:15 PM', 0, 0, 0, 0, 0, '2015', '1'),
(464, 31, '03:15 PM', '03:30 PM', 0, 0, 0, 0, 0, '2015', '1'),
(465, 31, '03:30 PM', '04:15 PM', 0, 0, 0, 0, 0, '2015', '1'),
(466, 31, '04:15 PM', '05:00 PM', 0, 0, 0, 0, 0, '2015', '1'),
(467, 31, '05:00 PM', '05:45 PM', 0, 0, 0, 0, 0, '2015', '1'),
(468, 31, '05:45 PM', '06:30 PM', 0, 0, 0, 0, 0, '2015', '1'),
(469, 32, '01:00 PM', '01:45 PM', 0, 0, 0, 0, 0, '2015', '1'),
(470, 32, '01:45 PM', '02:30 PM', 0, 0, 0, 0, 0, '2015', '1'),
(471, 32, '02:30 PM', '03:15 PM', 0, 0, 0, 0, 0, '2015', '1'),
(472, 32, '03:15 PM', '03:30 PM', 0, 0, 0, 0, 0, '2015', '1'),
(473, 32, '03:30 PM', '04:15 PM', 0, 0, 0, 0, 0, '2015', '1'),
(474, 32, '04:15 PM', '05:00 PM', 0, 0, 0, 0, 0, '2015', '1'),
(475, 32, '05:00 PM', '05:45 PM', 0, 0, 0, 0, 0, '2015', '1'),
(476, 32, '05:45 PM', '06:30 PM', 0, 0, 0, 0, 0, '2015', '1');

-- --------------------------------------------------------

--
-- Estructura de tabla para la tabla `au_maestro_matricula`
--

CREATE TABLE IF NOT EXISTS `au_maestro_matricula` (
  `MM_Codigo` int(11) NOT NULL AUTO_INCREMENT,
  `MM_Procedencia` varchar(45) NOT NULL DEFAULT '''IE N° 1256 Alfonso Ugarte''',
  `MM_Code` varchar(10) NOT NULL,
  `PAD_Codigo` int(11) NOT NULL,
  `ALU_Codigo` int(11) NOT NULL,
  `AE_Codigo` int(11) NOT NULL,
  `MM_Anio` varchar(4) NOT NULL,
  `MM_FechaRegSist` timestamp NOT NULL DEFAULT CURRENT_TIMESTAMP,
  `MM_FlagEstado` enum('0','1') NOT NULL DEFAULT '1',
  PRIMARY KEY (`MM_Codigo`),
  KEY `fk_au_maestro_matricula_au_padre1_idx` (`PAD_Codigo`),
  KEY `fk_au_maestro_matricula_au_alumno1_idx` (`ALU_Codigo`),
  KEY `fk_au_maestro_matricula_au_anio_escolar1_idx` (`AE_Codigo`)
) ENGINE=InnoDB  DEFAULT CHARSET=utf8 AUTO_INCREMENT=9 ;

--
-- Volcado de datos para la tabla `au_maestro_matricula`
--

INSERT INTO `au_maestro_matricula` (`MM_Codigo`, `MM_Procedencia`, `MM_Code`, `PAD_Codigo`, `ALU_Codigo`, `AE_Codigo`, `MM_Anio`, `MM_FechaRegSist`, `MM_FlagEstado`) VALUES
(1, 'IE mariano Melgar', '14000008', 1, 1, 28, '2014', '2014-06-27 22:54:23', '1'),
(2, '2050 mariano melgar', '14000009', 2, 2, 28, '2014', '2014-07-01 20:48:46', '1'),
(3, 'N°7865 Jose carlos mareategui', '14000010', 3, 3, 10, '2014', '2014-07-01 23:34:10', '1'),
(4, '2050 mariano melgar', '14000011', 4, 4, 10, '2014', '2014-07-02 01:02:18', '1'),
(5, 'IE jose carlos mareategui', '14000012', 5, 5, 10, '2014', '2014-07-02 02:24:35', '1'),
(6, 'jose', '14000013', 6, 6, 10, '2014', '2014-10-31 00:03:24', '1'),
(7, 'jose', '14000014', 7, 7, 10, '2014', '2014-10-31 00:03:43', '1'),
(8, 'jose', '14000015', 8, 8, 10, '2014', '2014-10-31 00:03:47', '1');

-- --------------------------------------------------------

--
-- Estructura de tabla para la tabla `au_maestro_matricula_detalle`
--

CREATE TABLE IF NOT EXISTS `au_maestro_matricula_detalle` (
  `MMD_Codigo` int(11) NOT NULL AUTO_INCREMENT,
  `MM_Codigo` int(11) NOT NULL,
  `CUR_Codigo` int(11) NOT NULL,
  `MMD_Nota` int(2) NOT NULL,
  `MMD_FechaRegSist` timestamp NOT NULL DEFAULT CURRENT_TIMESTAMP,
  `MMD_FlagEstado` enum('1','0') NOT NULL DEFAULT '1',
  PRIMARY KEY (`MMD_Codigo`),
  KEY `fk_au_maestro_matricula_detalle_au_maestro_matricula1_idx` (`MM_Codigo`),
  KEY `fk_au_maestro_matricula_detalle_au_curso1_idx` (`CUR_Codigo`)
) ENGINE=InnoDB  DEFAULT CHARSET=latin1 AUTO_INCREMENT=73 ;

--
-- Volcado de datos para la tabla `au_maestro_matricula_detalle`
--

INSERT INTO `au_maestro_matricula_detalle` (`MMD_Codigo`, `MM_Codigo`, `CUR_Codigo`, `MMD_Nota`, `MMD_FechaRegSist`, `MMD_FlagEstado`) VALUES
(1, 1, 3, 16, '2014-06-27 22:54:25', '1'),
(2, 1, 4, 16, '2014-06-27 22:54:25', '1'),
(3, 1, 5, 15, '2014-06-27 22:54:25', '1'),
(4, 1, 6, 12, '2014-06-27 22:54:25', '1'),
(5, 1, 7, 12, '2014-06-27 22:54:25', '1'),
(6, 1, 8, 20, '2014-06-27 22:54:25', '1'),
(7, 1, 9, 12, '2014-06-27 22:54:25', '1'),
(8, 1, 10, 21, '2014-06-27 22:54:25', '1'),
(9, 1, 11, 12, '2014-06-27 22:54:25', '1'),
(10, 2, 3, 15, '2014-07-01 20:48:46', '1'),
(11, 2, 4, 17, '2014-07-01 20:48:46', '1'),
(12, 2, 5, 18, '2014-07-01 20:48:46', '1'),
(13, 2, 6, 14, '2014-07-01 20:48:46', '1'),
(14, 2, 7, 19, '2014-07-01 20:48:46', '1'),
(15, 2, 8, 15, '2014-07-01 20:48:46', '1'),
(16, 2, 9, 16, '2014-07-01 20:48:46', '1'),
(17, 2, 10, 15, '2014-07-01 20:48:46', '1'),
(18, 2, 11, 18, '2014-07-01 20:48:46', '1'),
(19, 3, 3, 15, '2014-07-01 23:34:10', '1'),
(20, 3, 4, 20, '2014-07-01 23:34:10', '1'),
(21, 3, 5, 19, '2014-07-01 23:34:10', '1'),
(22, 3, 6, 20, '2014-07-01 23:34:10', '1'),
(23, 3, 7, 12, '2014-07-01 23:34:10', '1'),
(24, 3, 8, 11, '2014-07-01 23:34:10', '1'),
(25, 3, 9, 14, '2014-07-01 23:34:10', '1'),
(26, 3, 10, 16, '2014-07-01 23:34:10', '1'),
(27, 3, 11, 18, '2014-07-01 23:34:10', '1'),
(28, 4, 3, 10, '2014-07-02 01:02:18', '1'),
(29, 4, 4, 11, '2014-07-02 01:02:18', '1'),
(30, 4, 5, 12, '2014-07-02 01:02:18', '1'),
(31, 4, 6, 13, '2014-07-02 01:02:18', '1'),
(32, 4, 7, 16, '2014-07-02 01:02:18', '1'),
(33, 4, 8, 17, '2014-07-02 01:02:18', '1'),
(34, 4, 9, 15, '2014-07-02 01:02:18', '1'),
(35, 4, 10, 17, '2014-07-02 01:02:18', '1'),
(36, 4, 11, 18, '2014-07-02 01:02:18', '1'),
(37, 5, 3, 17, '2014-07-02 02:24:35', '1'),
(38, 5, 4, 18, '2014-07-02 02:24:35', '1'),
(39, 5, 5, 19, '2014-07-02 02:24:35', '1'),
(40, 5, 6, 20, '2014-07-02 02:24:35', '1'),
(41, 5, 7, 14, '2014-07-02 02:24:35', '1'),
(42, 5, 8, 17, '2014-07-02 02:24:35', '1'),
(43, 5, 9, 18, '2014-07-02 02:24:35', '1'),
(44, 5, 10, 18, '2014-07-02 02:24:35', '1'),
(45, 5, 11, 19, '2014-07-02 02:24:35', '1'),
(46, 6, 3, 0, '2014-10-31 00:03:24', '1'),
(47, 6, 4, 0, '2014-10-31 00:03:24', '1'),
(48, 6, 5, 0, '2014-10-31 00:03:24', '1'),
(49, 6, 6, 0, '2014-10-31 00:03:24', '1'),
(50, 6, 7, 0, '2014-10-31 00:03:24', '1'),
(51, 6, 8, 0, '2014-10-31 00:03:24', '1'),
(52, 6, 9, 0, '2014-10-31 00:03:24', '1'),
(53, 6, 10, 0, '2014-10-31 00:03:24', '1'),
(54, 6, 11, 0, '2014-10-31 00:03:24', '1'),
(55, 7, 3, 0, '2014-10-31 00:03:46', '1'),
(56, 7, 4, 0, '2014-10-31 00:03:47', '1'),
(57, 7, 5, 0, '2014-10-31 00:03:47', '1'),
(58, 7, 6, 0, '2014-10-31 00:03:47', '1'),
(59, 7, 7, 0, '2014-10-31 00:03:47', '1'),
(60, 7, 8, 0, '2014-10-31 00:03:47', '1'),
(61, 7, 9, 0, '2014-10-31 00:03:47', '1'),
(62, 7, 10, 0, '2014-10-31 00:03:47', '1'),
(63, 7, 11, 0, '2014-10-31 00:03:47', '1'),
(64, 8, 3, 0, '2014-10-31 00:03:47', '1'),
(65, 8, 4, 0, '2014-10-31 00:03:47', '1'),
(66, 8, 5, 0, '2014-10-31 00:03:47', '1'),
(67, 8, 6, 0, '2014-10-31 00:03:47', '1'),
(68, 8, 7, 0, '2014-10-31 00:03:47', '1'),
(69, 8, 8, 0, '2014-10-31 00:03:47', '1'),
(70, 8, 9, 0, '2014-10-31 00:03:47', '1'),
(71, 8, 10, 0, '2014-10-31 00:03:47', '1'),
(72, 8, 11, 0, '2014-10-31 00:03:47', '1');

-- --------------------------------------------------------

--
-- Estructura de tabla para la tabla `au_matricula`
--

CREATE TABLE IF NOT EXISTS `au_matricula` (
  `MAT_Codigo` int(11) NOT NULL AUTO_INCREMENT,
  `MM_Codigo` int(11) NOT NULL,
  `AE_Codigo` int(11) NOT NULL,
  `MAT_FechaReg` timestamp NOT NULL DEFAULT CURRENT_TIMESTAMP ON UPDATE CURRENT_TIMESTAMP,
  `MAT_FechaMod` datetime DEFAULT NULL,
  `MAT_FlagEstado` enum('0','1') NOT NULL DEFAULT '1',
  PRIMARY KEY (`MAT_Codigo`),
  KEY `fk_au_matricula_au_anio_escolar1_idx` (`AE_Codigo`),
  KEY `fk_au_matricula_au_maestro_matricula1_idx` (`MM_Codigo`)
) ENGINE=InnoDB  DEFAULT CHARSET=utf8 AUTO_INCREMENT=9 ;

--
-- Volcado de datos para la tabla `au_matricula`
--

INSERT INTO `au_matricula` (`MAT_Codigo`, `MM_Codigo`, `AE_Codigo`, `MAT_FechaReg`, `MAT_FechaMod`, `MAT_FlagEstado`) VALUES
(1, 1, 28, '2014-06-27 22:54:24', NULL, '1'),
(2, 2, 28, '2014-07-01 20:48:46', NULL, '1'),
(3, 3, 10, '2014-07-01 23:34:10', NULL, '1'),
(4, 4, 10, '2014-07-02 01:02:18', NULL, '1'),
(5, 5, 10, '2014-07-02 02:24:35', NULL, '1'),
(6, 6, 10, '2014-10-31 00:03:24', NULL, '1'),
(7, 7, 10, '2014-10-31 00:03:44', NULL, '1'),
(8, 8, 10, '2014-10-31 00:03:47', NULL, '1');

-- --------------------------------------------------------

--
-- Estructura de tabla para la tabla `au_matricula_detalle`
--

CREATE TABLE IF NOT EXISTS `au_matricula_detalle` (
  `MATD_Codigo` int(11) NOT NULL AUTO_INCREMENT,
  `MAT_Codigo` int(11) NOT NULL,
  `PERS_Codigo` int(11) NOT NULL,
  `CUR_Codigo` int(11) NOT NULL,
  `MATD_FechaReg` timestamp NOT NULL DEFAULT CURRENT_TIMESTAMP,
  `MATD_FechaMod` datetime DEFAULT NULL,
  `MATD_FlagEstado` enum('0','1') NOT NULL DEFAULT '1',
  PRIMARY KEY (`MATD_Codigo`),
  KEY `MAT_Codigo` (`MAT_Codigo`),
  KEY `fk_au_matricula_detalle_au_personal1_idx` (`PERS_Codigo`),
  KEY `fk_au_matricula_detalle_au_curso1_idx` (`CUR_Codigo`)
) ENGINE=InnoDB DEFAULT CHARSET=utf8 AUTO_INCREMENT=1 ;

-- --------------------------------------------------------

--
-- Estructura de tabla para la tabla `au_menu`
--

CREATE TABLE IF NOT EXISTS `au_menu` (
  `MEN_Codigo` int(11) NOT NULL AUTO_INCREMENT,
  `MEN_Descripcion` varchar(50) CHARACTER SET utf8 NOT NULL,
  `MEN_Url` varchar(50) CHARACTER SET utf8 NOT NULL,
  `MEN_Padre` int(11) NOT NULL DEFAULT '0',
  `MEN_Flag` char(1) CHARACTER SET utf8 NOT NULL DEFAULT '1',
  PRIMARY KEY (`MEN_Codigo`)
) ENGINE=InnoDB  DEFAULT CHARSET=latin1 AUTO_INCREMENT=22 ;

--
-- Volcado de datos para la tabla `au_menu`
--

INSERT INTO `au_menu` (`MEN_Codigo`, `MEN_Descripcion`, `MEN_Url`, `MEN_Padre`, `MEN_Flag`) VALUES
(1, 'ALUMNO', '', 0, '1'),
(2, 'REGISTRO DE NOTAS', '', 0, '1'),
(3, 'TAREAS', 'index.php/curso/tarea', 1, '1'),
(4, 'NOTAS', 'index.php/curso/notas', 1, '1'),
(5, 'CURSOS', '', 0, '1'),
(6, 'REUNIONES', 'index.php/profesor/reunion', 5, '1'),
(7, 'AGENDA DE PRACTICA', 'index.php/profesor/practica', 5, '1'),
(8, 'ALUMNOS', '', 0, '1'),
(9, 'CURSOS', '', 0, '1'),
(10, 'RRHH', '', 0, '1'),
(11, 'PERMISOS', '', 0, '1'),
(12, 'USUARIOS', '', 0, '1'),
(13, 'REGISTRO DE NOTA', '', 8, '1'),
(14, 'TAREAS', '', 8, '1'),
(15, 'CURSOS', 'index.php/configuracion/curso/cursos', 9, '1'),
(16, 'HORARIOS', '', 9, '1'),
(17, 'REGISTRO DE USUARIOS', '', 12, '1'),
(18, 'PROFESORES', 'index.php/maestro/maestro/lista_profesores', 10, '1'),
(19, 'ALUMNO', 'index.php/maestro/alumno', 8, '1'),
(20, 'MATRICULA', '', 0, '1'),
(21, 'LISTA DE MATRICULAS', 'index.php/matricula/matricula', 20, '1');

-- --------------------------------------------------------

--
-- Estructura de tabla para la tabla `au_nivel`
--

CREATE TABLE IF NOT EXISTS `au_nivel` (
  `NIV_Codigo` int(11) NOT NULL AUTO_INCREMENT,
  `NIV_Desc` varchar(45) NOT NULL,
  PRIMARY KEY (`NIV_Codigo`)
) ENGINE=InnoDB  DEFAULT CHARSET=utf8 AUTO_INCREMENT=3 ;

--
-- Volcado de datos para la tabla `au_nivel`
--

INSERT INTO `au_nivel` (`NIV_Codigo`, `NIV_Desc`) VALUES
(1, 'PRIMARIA'),
(2, 'SECUNDARIA');

-- --------------------------------------------------------

--
-- Estructura de tabla para la tabla `au_padre`
--

CREATE TABLE IF NOT EXISTS `au_padre` (
  `PAD_Codigo` int(11) NOT NULL AUTO_INCREMENT,
  `PAD_CI` varchar(8) DEFAULT NULL,
  `PER_Codigo` int(11) NOT NULL,
  `PAD_Correo` varchar(50) DEFAULT NULL,
  `PAD_Telfono` varchar(10) DEFAULT NULL,
  `PAD_Celular` varchar(10) DEFAULT NULL,
  `PAD_Flag` char(1) NOT NULL DEFAULT '1',
  PRIMARY KEY (`PAD_Codigo`),
  KEY `persona` (`PER_Codigo`)
) ENGINE=InnoDB  DEFAULT CHARSET=utf8 AUTO_INCREMENT=9 ;

--
-- Volcado de datos para la tabla `au_padre`
--

INSERT INTO `au_padre` (`PAD_Codigo`, `PAD_CI`, `PER_Codigo`, `PAD_Correo`, `PAD_Telfono`, `PAD_Celular`, `PAD_Flag`) VALUES
(1, NULL, 6, NULL, NULL, NULL, '1'),
(2, NULL, 8, NULL, NULL, NULL, '1'),
(3, NULL, 10, NULL, NULL, NULL, '1'),
(4, NULL, 12, NULL, NULL, NULL, '1'),
(5, NULL, 14, NULL, NULL, NULL, '1'),
(6, NULL, 16, NULL, NULL, NULL, '1'),
(7, NULL, 18, NULL, NULL, NULL, '1'),
(8, NULL, 20, NULL, NULL, NULL, '1');

-- --------------------------------------------------------

--
-- Estructura de tabla para la tabla `au_permiso`
--

CREATE TABLE IF NOT EXISTS `au_permiso` (
  `PERM_Codigo` int(11) NOT NULL AUTO_INCREMENT,
  `MEN_Codigo` int(11) NOT NULL,
  `ROL_Codigo` int(11) NOT NULL,
  `PERM_Flag` char(1) CHARACTER SET utf8 NOT NULL DEFAULT '1',
  PRIMARY KEY (`PERM_Codigo`),
  KEY `menu` (`MEN_Codigo`),
  KEY `rol` (`ROL_Codigo`)
) ENGINE=InnoDB  DEFAULT CHARSET=latin1 AUTO_INCREMENT=16 ;

--
-- Volcado de datos para la tabla `au_permiso`
--

INSERT INTO `au_permiso` (`PERM_Codigo`, `MEN_Codigo`, `ROL_Codigo`, `PERM_Flag`) VALUES
(1, 1, 2, '1'),
(2, 2, 3, '1'),
(3, 3, 2, '1'),
(4, 4, 2, '1'),
(5, 5, 3, '1'),
(6, 8, 1, '1'),
(7, 9, 1, '1'),
(8, 10, 1, '1'),
(9, 11, 1, '1'),
(10, 12, 1, '1'),
(11, 19, 1, '1'),
(12, 19, 2, '1'),
(13, 19, 3, '1'),
(14, 19, 4, '1'),
(15, 20, 1, '1');

-- --------------------------------------------------------

--
-- Estructura de tabla para la tabla `au_persona`
--

CREATE TABLE IF NOT EXISTS `au_persona` (
  `PER_Codigo` int(11) NOT NULL AUTO_INCREMENT COMMENT 'PK',
  `PER_Nombre` varchar(50) NOT NULL COMMENT 'nombre',
  `PER_Paterno` varchar(50) NOT NULL COMMENT 'apellido paterno',
  `PER_Materno` varchar(50) NOT NULL COMMENT 'apellido materno',
  `PER_DNI` int(8) NOT NULL COMMENT 'Documento de identificacion',
  `PER_FechaNac` date DEFAULT NULL,
  `PER_Sexo` enum('M','F') DEFAULT 'M',
  `PER_Flag` char(1) NOT NULL DEFAULT '1' COMMENT 'flag d activacion 1: activo 0: inactivo',
  `PER_FechaReg` timestamp NULL DEFAULT CURRENT_TIMESTAMP,
  `PER_FechaMod` datetime DEFAULT NULL,
  PRIMARY KEY (`PER_Codigo`)
) ENGINE=InnoDB  DEFAULT CHARSET=utf8 AUTO_INCREMENT=21 ;

--
-- Volcado de datos para la tabla `au_persona`
--

INSERT INTO `au_persona` (`PER_Codigo`, `PER_Nombre`, `PER_Paterno`, `PER_Materno`, `PER_DNI`, `PER_FechaNac`, `PER_Sexo`, `PER_Flag`, `PER_FechaReg`, `PER_FechaMod`) VALUES
(1, 'ADMIN', 'ADMIN', 'ADMIN', 11111111, '2014-04-22', 'M', '1', '2014-04-22 06:16:48', NULL),
(2, 'anibal', 'castro', ' rojas', 12345678, '0000-00-00', NULL, '1', '0000-00-00 00:00:00', NULL),
(3, 'jenny', 'montenegro', 'quispe', 12345673, '0000-00-00', NULL, '1', '0000-00-00 00:00:00', NULL),
(4, 'elvira', 'castro', 'julian', 15678679, '0000-00-00', '', '1', '0000-00-00 00:00:00', NULL),
(5, 'Frank', 'De la Rosa', 'Campos', 46789098, '2014-04-04', 'M', '1', '0000-00-00 00:00:00', NULL),
(6, 'Roger', 'De la Rosa', 'Vicente', 45126825, '0000-00-00', '', '1', '0000-00-00 00:00:00', NULL),
(7, 'María Esther', 'Santos', 'Saavedra', 56786435, '1991-08-16', 'F', '1', '0000-00-00 00:00:00', NULL),
(8, 'María', 'Saavedra', 'Quispe', 95979467, '0000-00-00', '', '1', '0000-00-00 00:00:00', NULL),
(9, 'mehizon', 'vasquez', 'gomez', 48113015, '1993-07-20', 'M', '1', '0000-00-00 00:00:00', NULL),
(10, 'elena', 'gomez', 'aguirre', 23789818, '0000-00-00', '', '1', '0000-00-00 00:00:00', NULL),
(11, 'María Teresa', 'Mendez', 'Carrasco', 34567893, '1991-08-16', 'F', '1', '0000-00-00 00:00:00', NULL),
(12, 'María', 'Mamani', 'Quispe', 95979460, '0000-00-00', '', '1', '0000-00-00 00:00:00', NULL),
(13, 'leslie yelina', 'marcas', 'nolasco', 45356798, '1991-08-07', 'M', '1', '0000-00-00 00:00:00', NULL),
(14, 'ivon', 'soles', 'campos', 23456780, '0000-00-00', '', '1', '0000-00-00 00:00:00', NULL),
(15, 'jose luis', 'cenizario ', 'rojas', 45667300, '0000-00-00', 'M', '1', '0000-00-00 00:00:00', NULL),
(16, '', '', '', 0, '0000-00-00', '', '1', '0000-00-00 00:00:00', NULL),
(17, 'jose luis', 'cenizario ', 'rojas', 45667300, '0000-00-00', 'M', '1', '0000-00-00 00:00:00', NULL),
(18, '', '', '', 0, '0000-00-00', '', '1', '0000-00-00 00:00:00', NULL),
(19, 'jose luis', 'cenizario ', 'rojas', 45667300, '0000-00-00', 'M', '1', '0000-00-00 00:00:00', NULL),
(20, '', '', '', 0, '0000-00-00', '', '1', '0000-00-00 00:00:00', NULL);

-- --------------------------------------------------------

--
-- Estructura de tabla para la tabla `au_personal`
--

CREATE TABLE IF NOT EXISTS `au_personal` (
  `PERS_Codigo` int(11) NOT NULL AUTO_INCREMENT,
  `PER_Codigo` int(11) NOT NULL,
  `ROL_Codigo` int(11) NOT NULL,
  `PERS_Flag` char(1) CHARACTER SET utf8 NOT NULL DEFAULT '1',
  `PERS_FlagEstado` char(1) CHARACTER SET utf8 DEFAULT '1',
  PRIMARY KEY (`PERS_Codigo`),
  KEY `persona` (`PER_Codigo`),
  KEY `rol` (`ROL_Codigo`)
) ENGINE=InnoDB  DEFAULT CHARSET=latin1 AUTO_INCREMENT=4 ;

--
-- Volcado de datos para la tabla `au_personal`
--

INSERT INTO `au_personal` (`PERS_Codigo`, `PER_Codigo`, `ROL_Codigo`, `PERS_Flag`, `PERS_FlagEstado`) VALUES
(1, 2, 3, '0', '1'),
(2, 3, 3, '1', '1'),
(3, 4, 3, '1', '1');

-- --------------------------------------------------------

--
-- Estructura de tabla para la tabla `au_rol`
--

CREATE TABLE IF NOT EXISTS `au_rol` (
  `ROL_Codigo` int(11) NOT NULL AUTO_INCREMENT,
  `ROL_Descripcion` varchar(50) CHARACTER SET utf8 NOT NULL,
  `ROL_flag` char(1) CHARACTER SET utf8 NOT NULL DEFAULT '1',
  PRIMARY KEY (`ROL_Codigo`)
) ENGINE=InnoDB  DEFAULT CHARSET=latin1 AUTO_INCREMENT=6 ;

--
-- Volcado de datos para la tabla `au_rol`
--

INSERT INTO `au_rol` (`ROL_Codigo`, `ROL_Descripcion`, `ROL_flag`) VALUES
(1, 'ADMINISTRADOR', '1'),
(2, 'ALUMNO', '1'),
(3, 'PROFESOR', '1'),
(4, 'DIRECTOR', '1'),
(5, 'PADRE', '1');

-- --------------------------------------------------------

--
-- Estructura de tabla para la tabla `au_seccion`
--

CREATE TABLE IF NOT EXISTS `au_seccion` (
  `SEC_Codigo` int(11) NOT NULL AUTO_INCREMENT,
  `SEC_Desc` varchar(45) NOT NULL,
  PRIMARY KEY (`SEC_Codigo`)
) ENGINE=InnoDB  DEFAULT CHARSET=utf8 AUTO_INCREMENT=4 ;

--
-- Volcado de datos para la tabla `au_seccion`
--

INSERT INTO `au_seccion` (`SEC_Codigo`, `SEC_Desc`) VALUES
(1, 'A'),
(2, 'B'),
(3, 'C');

-- --------------------------------------------------------

--
-- Estructura de tabla para la tabla `au_tipo_archivo`
--

CREATE TABLE IF NOT EXISTS `au_tipo_archivo` (
  `TA_Codigo` int(11) NOT NULL AUTO_INCREMENT,
  `TA_Desc` varchar(45) NOT NULL,
  `TA_FlagEstado` enum('0','1') NOT NULL DEFAULT '1',
  PRIMARY KEY (`TA_Codigo`)
) ENGINE=InnoDB  DEFAULT CHARSET=utf8 AUTO_INCREMENT=3 ;

--
-- Volcado de datos para la tabla `au_tipo_archivo`
--

INSERT INTO `au_tipo_archivo` (`TA_Codigo`, `TA_Desc`, `TA_FlagEstado`) VALUES
(1, 'Foto', '1'),
(2, 'Libreta de Notas', '1');

-- --------------------------------------------------------

--
-- Estructura de tabla para la tabla `au_turno`
--

CREATE TABLE IF NOT EXISTS `au_turno` (
  `TUR_Codigo` int(11) NOT NULL AUTO_INCREMENT,
  `TUR_Desc` varchar(45) NOT NULL,
  `TUR_HoraInicio` time NOT NULL,
  `TUR_HoraFin` time NOT NULL,
  PRIMARY KEY (`TUR_Codigo`)
) ENGINE=InnoDB  DEFAULT CHARSET=utf8 AUTO_INCREMENT=3 ;

--
-- Volcado de datos para la tabla `au_turno`
--

INSERT INTO `au_turno` (`TUR_Codigo`, `TUR_Desc`, `TUR_HoraInicio`, `TUR_HoraFin`) VALUES
(1, 'MAÑANA', '00:00:00', '00:00:00'),
(2, 'TARDE', '00:00:00', '00:00:00');

-- --------------------------------------------------------

--
-- Estructura de tabla para la tabla `au_usuario`
--

CREATE TABLE IF NOT EXISTS `au_usuario` (
  `USU_Codigo` int(11) NOT NULL AUTO_INCREMENT,
  `USU_Nombre` varchar(50) NOT NULL,
  `USU_Password` varchar(50) NOT NULL,
  `ADM_Codigo` int(11) DEFAULT NULL,
  `PERS_Codigo` int(11) DEFAULT NULL,
  `ALU_Codigo` int(11) DEFAULT NULL,
  `PAD_Codigo` int(11) DEFAULT NULL,
  `ROL_Codigo` int(11) NOT NULL,
  `USU_Flag` char(1) NOT NULL DEFAULT '1',
  PRIMARY KEY (`USU_Codigo`),
  KEY `alumno` (`ALU_Codigo`),
  KEY `personal` (`PERS_Codigo`),
  KEY `padre` (`PAD_Codigo`),
  KEY `rol` (`ROL_Codigo`),
  KEY `fk_au_usuario_au_administrador1_idx` (`ADM_Codigo`)
) ENGINE=InnoDB  DEFAULT CHARSET=utf8 AUTO_INCREMENT=10 ;

--
-- Volcado de datos para la tabla `au_usuario`
--

INSERT INTO `au_usuario` (`USU_Codigo`, `USU_Nombre`, `USU_Password`, `ADM_Codigo`, `PERS_Codigo`, `ALU_Codigo`, `PAD_Codigo`, `ROL_Codigo`, `USU_Flag`) VALUES
(1, 'ADMIN', 'e10adc3949ba59abbe56e057f20f883e', 1, NULL, NULL, NULL, 1, '1'),
(2, '14000008', 'e10adc3949ba59abbe56e057f20f883e', NULL, NULL, 1, NULL, 2, '1'),
(3, '14000009', '0642140bad4e5dd5d4aea274473b5343', NULL, NULL, 2, NULL, 2, '1'),
(4, '14000010', '3dc6faef01564b35a097c51c2fbd7266', NULL, NULL, 3, NULL, 2, '1'),
(5, '14000011', 'd39c107e8af8011eb6dfc9aad8928079', NULL, NULL, 4, NULL, 2, '1'),
(6, '14000012', '94d67b3567fef86f30044e57f919edce', NULL, NULL, 5, NULL, 2, '1'),
(7, '14000013', '7e6c0dad0fdf03cb90a5053d84f50237', NULL, NULL, 6, NULL, 2, '1'),
(8, '14000014', '04264042600a142db5ad1a8b5138d528', NULL, NULL, 7, NULL, 2, '1'),
(9, '14000015', 'ff1152e04e2bcee4d284c96e1a6aef54', NULL, NULL, 8, NULL, 2, '1');

--
-- Restricciones para tablas volcadas
--

--
-- Filtros para la tabla `au_administrador`
--
ALTER TABLE `au_administrador`
  ADD CONSTRAINT `fk_au_administrador_au_persona1` FOREIGN KEY (`PER_Codigo`) REFERENCES `au_persona` (`PER_Codigo`) ON DELETE NO ACTION ON UPDATE NO ACTION;

--
-- Filtros para la tabla `au_alumno`
--
ALTER TABLE `au_alumno`
  ADD CONSTRAINT `au_alumno_ibfk_1` FOREIGN KEY (`PER_Codigo`) REFERENCES `au_persona` (`PER_Codigo`) ON DELETE NO ACTION ON UPDATE NO ACTION;

--
-- Filtros para la tabla `au_anio_escolar`
--
ALTER TABLE `au_anio_escolar`
  ADD CONSTRAINT `fk_au_anio_escolar_au_anio1` FOREIGN KEY (`AN_Codigo`) REFERENCES `au_anio` (`AN_Codigo`) ON DELETE NO ACTION ON UPDATE NO ACTION,
  ADD CONSTRAINT `fk_au_anio_escolar_au_nivel1` FOREIGN KEY (`NIV_Codigo`) REFERENCES `au_nivel` (`NIV_Codigo`) ON DELETE NO ACTION ON UPDATE NO ACTION,
  ADD CONSTRAINT `fk_au_anio_escolar_au_seccion1` FOREIGN KEY (`SEC_Codigo`) REFERENCES `au_seccion` (`SEC_Codigo`) ON DELETE NO ACTION ON UPDATE NO ACTION,
  ADD CONSTRAINT `fk_au_anio_escolar_au_turno1` FOREIGN KEY (`TUR_Codigo`) REFERENCES `au_turno` (`TUR_Codigo`) ON DELETE NO ACTION ON UPDATE NO ACTION;

--
-- Filtros para la tabla `au_archivos`
--
ALTER TABLE `au_archivos`
  ADD CONSTRAINT `fk_au_archivos_au_maestro_matricula1` FOREIGN KEY (`MM_Codigo`) REFERENCES `au_maestro_matricula` (`MM_Codigo`) ON DELETE NO ACTION ON UPDATE NO ACTION,
  ADD CONSTRAINT `fk_au_archivos_au_tipo_archivo1` FOREIGN KEY (`TA_Codigo`) REFERENCES `au_tipo_archivo` (`TA_Codigo`) ON DELETE NO ACTION ON UPDATE NO ACTION;

--
-- Filtros para la tabla `au_asistencia`
--
ALTER TABLE `au_asistencia`
  ADD CONSTRAINT `fk_au_asistencia_au_matricula_detalle1` FOREIGN KEY (`MATD_Codigo`) REFERENCES `au_matricula_detalle` (`MATD_Codigo`) ON DELETE NO ACTION ON UPDATE NO ACTION;

--
-- Filtros para la tabla `au_curso`
--
ALTER TABLE `au_curso`
  ADD CONSTRAINT `fk_au_curso_au_nivel1` FOREIGN KEY (`NIV_Codigo`) REFERENCES `au_nivel` (`NIV_Codigo`) ON DELETE NO ACTION ON UPDATE NO ACTION;

--
-- Filtros para la tabla `au_curso_profesor`
--
ALTER TABLE `au_curso_profesor`
  ADD CONSTRAINT `au_curso_profesor_ibfk_1` FOREIGN KEY (`CUR_Codigo`) REFERENCES `au_curso` (`CUR_Codigo`) ON DELETE NO ACTION ON UPDATE NO ACTION,
  ADD CONSTRAINT `au_curso_profesor_ibfk_2` FOREIGN KEY (`PERS_Codigo`) REFERENCES `au_personal` (`PERS_Codigo`) ON DELETE NO ACTION ON UPDATE NO ACTION;

--
-- Filtros para la tabla `au_horario`
--
ALTER TABLE `au_horario`
  ADD CONSTRAINT `fk_au_horario_au_anio_escolar1` FOREIGN KEY (`AE_Codigo`) REFERENCES `au_anio_escolar` (`AE_Codigo`) ON DELETE NO ACTION ON UPDATE NO ACTION;

--
-- Filtros para la tabla `au_maestro_matricula`
--
ALTER TABLE `au_maestro_matricula`
  ADD CONSTRAINT `fk_au_maestro_matricula_au_alumno1` FOREIGN KEY (`ALU_Codigo`) REFERENCES `au_alumno` (`ALU_Codigo`) ON DELETE NO ACTION ON UPDATE NO ACTION,
  ADD CONSTRAINT `fk_au_maestro_matricula_au_anio_escolar1` FOREIGN KEY (`AE_Codigo`) REFERENCES `au_anio_escolar` (`AE_Codigo`) ON DELETE NO ACTION ON UPDATE NO ACTION,
  ADD CONSTRAINT `fk_au_maestro_matricula_au_padre1` FOREIGN KEY (`PAD_Codigo`) REFERENCES `au_padre` (`PAD_Codigo`) ON DELETE NO ACTION ON UPDATE NO ACTION;

--
-- Filtros para la tabla `au_maestro_matricula_detalle`
--
ALTER TABLE `au_maestro_matricula_detalle`
  ADD CONSTRAINT `fk_au_maestro_matricula_detalle_au_curso1` FOREIGN KEY (`CUR_Codigo`) REFERENCES `au_curso` (`CUR_Codigo`) ON DELETE NO ACTION ON UPDATE NO ACTION,
  ADD CONSTRAINT `fk_au_maestro_matricula_detalle_au_maestro_matricula1` FOREIGN KEY (`MM_Codigo`) REFERENCES `au_maestro_matricula` (`MM_Codigo`) ON DELETE NO ACTION ON UPDATE NO ACTION;

--
-- Filtros para la tabla `au_matricula`
--
ALTER TABLE `au_matricula`
  ADD CONSTRAINT `fk_au_matricula_au_anio_escolar1` FOREIGN KEY (`AE_Codigo`) REFERENCES `au_anio_escolar` (`AE_Codigo`) ON DELETE NO ACTION ON UPDATE NO ACTION,
  ADD CONSTRAINT `fk_au_matricula_au_maestro_matricula1` FOREIGN KEY (`MM_Codigo`) REFERENCES `au_maestro_matricula` (`MM_Codigo`) ON DELETE NO ACTION ON UPDATE NO ACTION;

--
-- Filtros para la tabla `au_matricula_detalle`
--
ALTER TABLE `au_matricula_detalle`
  ADD CONSTRAINT `au_matricula_detalle_ibfk_1` FOREIGN KEY (`MAT_Codigo`) REFERENCES `au_matricula` (`MAT_Codigo`) ON DELETE NO ACTION ON UPDATE NO ACTION,
  ADD CONSTRAINT `fk_au_matricula_detalle_au_curso1` FOREIGN KEY (`CUR_Codigo`) REFERENCES `au_curso` (`CUR_Codigo`) ON DELETE NO ACTION ON UPDATE NO ACTION,
  ADD CONSTRAINT `fk_au_matricula_detalle_au_personal1` FOREIGN KEY (`PERS_Codigo`) REFERENCES `au_personal` (`PERS_Codigo`) ON DELETE NO ACTION ON UPDATE NO ACTION;

--
-- Filtros para la tabla `au_padre`
--
ALTER TABLE `au_padre`
  ADD CONSTRAINT `au_padre_ibfk_1` FOREIGN KEY (`PER_Codigo`) REFERENCES `au_persona` (`PER_Codigo`) ON DELETE NO ACTION ON UPDATE NO ACTION;

--
-- Filtros para la tabla `au_permiso`
--
ALTER TABLE `au_permiso`
  ADD CONSTRAINT `au_permiso_ibfk_1` FOREIGN KEY (`MEN_Codigo`) REFERENCES `au_menu` (`MEN_Codigo`) ON DELETE NO ACTION ON UPDATE NO ACTION,
  ADD CONSTRAINT `au_permiso_ibfk_2` FOREIGN KEY (`ROL_Codigo`) REFERENCES `au_rol` (`ROL_Codigo`) ON DELETE NO ACTION ON UPDATE NO ACTION;

--
-- Filtros para la tabla `au_personal`
--
ALTER TABLE `au_personal`
  ADD CONSTRAINT `au_personal_ibfk_1` FOREIGN KEY (`PER_Codigo`) REFERENCES `au_persona` (`PER_Codigo`) ON DELETE NO ACTION ON UPDATE NO ACTION,
  ADD CONSTRAINT `au_personal_ibfk_2` FOREIGN KEY (`ROL_Codigo`) REFERENCES `au_rol` (`ROL_Codigo`) ON DELETE NO ACTION ON UPDATE NO ACTION;

--
-- Filtros para la tabla `au_usuario`
--
ALTER TABLE `au_usuario`
  ADD CONSTRAINT `au_usuario_ibfk_1` FOREIGN KEY (`PERS_Codigo`) REFERENCES `au_personal` (`PERS_Codigo`) ON DELETE NO ACTION ON UPDATE NO ACTION,
  ADD CONSTRAINT `au_usuario_ibfk_2` FOREIGN KEY (`ALU_Codigo`) REFERENCES `au_alumno` (`ALU_Codigo`) ON DELETE NO ACTION ON UPDATE NO ACTION,
  ADD CONSTRAINT `au_usuario_ibfk_3` FOREIGN KEY (`PAD_Codigo`) REFERENCES `au_padre` (`PAD_Codigo`) ON DELETE NO ACTION ON UPDATE NO ACTION,
  ADD CONSTRAINT `au_usuario_ibfk_4` FOREIGN KEY (`ROL_Codigo`) REFERENCES `au_rol` (`ROL_Codigo`) ON DELETE NO ACTION ON UPDATE NO ACTION,
  ADD CONSTRAINT `fk_au_usuario_au_administrador1` FOREIGN KEY (`ADM_Codigo`) REFERENCES `au_administrador` (`ADM_Codigo`) ON DELETE NO ACTION ON UPDATE NO ACTION;

/*!40101 SET CHARACTER_SET_CLIENT=@OLD_CHARACTER_SET_CLIENT */;
/*!40101 SET CHARACTER_SET_RESULTS=@OLD_CHARACTER_SET_RESULTS */;
/*!40101 SET COLLATION_CONNECTION=@OLD_COLLATION_CONNECTION */;
